year,rank,player_name_ja,points,notes,competition1,edition1,competition2,edition2,nationality_override,position_override,club1_override,club1_league_key,club1_season,club2_override,club2_league_key,club2_season,cup_competition,cup_edition
2025,1,ウスマン・デンベレ,1380,リーグ・アン 得点王 | CL MVP,,,,,,,,,,,,,UCL,24-25
2025,2,ラミン・ヤマル,1059,,,,,,,,,,,,,,UCL,24-25
2025,3,ヴィティーニャ,703,,,,,,,,,,,,,,UCL,24-25
2025,4,モハメド・サラー,657,プレミアリーグ 得点王,,,,,,,,,,,,,,
2025,5,ハフィーニャ,620,CL 得点王,,,,,,,,,,,,,UCL,24-25
2025,6,アクラフ・ハキミ,484,,,,,,,,,,,,,,UCL,24-25
2025,7,キリアン・エムバペ,378,ラ・リーガ 得点王,,,,,,,,,,,,,UCL,24-25
2025,8,コール・パーマー,211,,,,,,,,,,,,,,,
2025,9,ジャンルイジ・ドンナルンマ,172,,,,,,,,,,,,,,UCL,24-25
2025,10,ヌーノ・メンデス,171,,,,,,,,,,,,,,UCL,24-25
2025,11,ペドリ,124,,,,,,,,,,,,,,,
2025,12,フヴィチャ・クヴァラツヘリア,123,,,,,,,,,,,,,,UCL,24-25
2025,13,ハリー・ケイン,112,ブンデスリーガ 得点王,,,,,,,,,,,,,UCL,24-25
2025,14,デジレ・ドゥエ,74,CL 最優秀若手選手,,,,,,,,,,,,,UCL,24-25
2025,15,ヴィクトル・ギェケレシュ,56,,,,,,,,,,,,,,,
2025,16,ヴィニシウス・ジュニオール,51,,,,,,,,,,,,,,UCL,24-25
2025,17,ロベルト・レヴァンドフスキ,49,,,,,,,,,,,,,,UCL,24-25
2025,18,スコット・マクトミネイ,45,,,,,,,,,,,,,,,
2025,19,ジョアン・ネヴィス,40,,,,,,,,,,,,,,UCL,24-25
2025,20,ラウタロ・マルティネス,37,,,,,,,,,,,,,,UCL,24-25
2025,21,セール・ギラシ,25,CL 得点王,,,,,,,,,,,,,UCL,24-25
2025,22,アレクシス・マック・アリスター,21,,,,,,,,,,,,,,,
2025,23,ジュード・ベリンガム,21,,,,,,,,,,,,,,,
2025,24,ファビアン・ルイス,20,,,,,,,,,,,,,,UCL,24-25
2025,25,デンゼル・ダンフリース,20,,,,,,,,,,,,,,UCL,24-25
2025,26,エルリング・ブラウト・ホランド,18,,,,,,,,,,,,,,UCL,24-25
2025,27,デクラン・ライス,13,,,,,,,,,,,,,,UCL,24-25
2025,28,フィルジル・ファン・ダイク,7,,,,,,,,,,,,,,,
2025,29,フロリアン・ヴィルツ,5,,,,,,,,,,,,,,,
2025,30,ミカエル・オリーズ,4,,,,,,,,,,,,,,,
2024,1,ロドリ,1170,EURO 最優秀選手,EURO,2024,,,,,,,,,,,UCL,23-24
2024,2,ヴィニシウス・ジュニオール,1129,CL MVP,,,,,,,,,,,,,UCL,23-24
2024,3,ジュード・ベリンガム,917,CL 最優秀若手選手,EURO,2024,,,,,,,,,,,UCL,23-24
2024,4,ダニ・カルバハル,550,,EURO,2024,,,,,,,,,,,UCL,23-24
2024,5,エルリング・ブラウト・ホランド,432,プレミアリーグ 得点王,,,,,,,,,,,,,UCL,23-24
2024,6,キリアン・エムバペ,420,リーグ・アン/CL 得点王,,,,,,,,,,,,,UCL,23-24
2024,7,ラウタロ・マルティネス,402,セリエA/コパ・アメリカ 得点王,COPA,2024,,,,,,,,,,,,
2024,8,ラミン・ヤマル,383,EURO 最優秀若手選手,EURO,2024,,,,,,,,,,,,
2024,9,トニ・クロース,291,,,,,,,,,,,,,,UCL,23-24
2024,10,ハリー・ケイン,201,ブンデスリーガ/CL/EURO 得点王,EURO,2024,,,,,,,,,,,UCL,23-24
2024,11,フィル・フォーデン,157,,,,,,,,,,,,,,,
2024,12,フロリアン・ヴィルツ,101,,EURO,2024,,,,,,,,,,,UEL,23-24
2024,13,ダニ・オルモ,86,EURO 得点王,EURO,2024,,,,,,,,,,,,
2024,14,アデモラ・ルックマン,82,,AFCON,2023,,,,,,,,,,,UEL,23-24
2024,15,ニコ・ウィリアムズ,73,,EURO,2024,,,,,,,,,,,,
2024,16,グラニト・ジャカ,60,,EURO,2024,,,,,,,,,,,UEL,23-24
2024,17,フェデリコ・バルベルデ,58,,COPA,2024,,,,,,,,,,,UCL,23-24
2024,18,エミリアーノ・マルティネス,28,コパ・アメリカ 最優秀GK,COPA,2024,,,,,,,,,,,,
2024,19,マルティン・ウーデゴール,16,,,,,,,,,,,,,,,
2024,20,ハカン・チャルハノール,15,,,,,,,,,,,,,,,
2024,21,ブカヨ・サカ,14,,EURO,2024,,,,,,,,,,,,
2024,22,アントニオ・リュディガー,13,,,,,,,,,,,,,,UCL,23-24
2024,23,ルベン・ディアス,8,,,,,,,,,,,,,,,
2024,24,ウィリアン・サリバ,8,,,,,,,,,,,,,,,
2024,25,コール・パーマー,7,,EURO,2024,,,,,,,,,,,,
2024,26,デクラン・ライス,5,,EURO,2024,,,,,,,,,,,,
2024,27,ヴィティーニャ,5,,,,,,,,,,,,,,UCL,23-24
2024,28,アレハンドロ・グリマルド,2,,,,,,,,,,,,,,UEL,23-24
2024,29,マッツ・フメルス,,,,,,,,,,,,,,,UCL,23-24
2024,29,アルテム・ドフビク,,ラ・リーガ 得点王,,,,,,,,,,,,,,
2023,1,リオネル・メッシ,462,WC ゴールデンボール,WC,2022,,,,,,,,,,,,
2023,2,エルリング・ブラウト・ホランド,357,プレミアリーグ/CL 得点王,,,,,,,,,,,,,UCL,22-23
2023,3,キリアン・エムバペ,270,リーグ・アン 得点王 | WC シルバーボール/得点王,WC,2022,,,,,,,,,,,UCL,22-23
2023,4,ケヴィン・デ・ブライネ,100,,,,,,,,,,,,,,UCL,22-23
2023,5,ロドリ,57,CL MVP,,,,,,,,,,,,,UCL,22-23
2023,6,ヴィニシウス・ジュニオール,49,,,,,,,,,,,,,,UCL,22-23
2023,7,フリアン・アルバレス,28,,WC,2022,,,,,,,,,,,UCL,22-23
2023,8,ヴィクター・オシムヘン,24,セリエA 得点王,,,,,,,,,,,,,,
2023,9,ベルナルド・シウバ,20,,,,,,,,,,,,,,UCL,22-23
2023,10,ルカ・モドリッチ,19,WC ブロンズボール,WC,2022,,,,,,,,,,,,
2023,11,モハメド・サラー,13,,,,,,,,,,,,,,UCL,22-23
2023,12,ロベルト・レヴァンドフスキ,12,ラ・リーガ 得点王,,,,,,,,,,,,,,
2023,13,ヤシン・ブヌ,10,EL MVP,WC,2022,,,,,,,,,,,UEL,22-23
2023,14,イルカイ・ギュンドアン,8,,,,,,,,,,,,,,UCL,22-23
2023,15,エミリアーノ・マルティネス,7,WC 最優秀GK,WC,2022,,,,,,,,,,,,
2023,16,カリム・ベンゼマ,6,,,,,,,,,,,,,,,
2023,17,フヴィチャ・クヴァラツヘリア,6,CL 最優秀若手選手,,,,,,,,,,,,,UCL,22-23
2023,18,ジュード・ベリンガム,5,,WC,2022,,,,,,,,,,,,
2023,19,ハリー・ケイン,4,,,,,,,,,,,,,,,
2023,20,ラウタロ・マルティネス,4,,,,,,,,,,,,,,UCL,22-23
2023,21,アントワヌ・グリエズマン,4,,,,,,,,,,,,,,,
2023,22,金玟哉,3,,,,,,,,,,,,,,UCL,22-23
2023,23,アンドレ・オナナ,2,,,,,,,,,,,,,,UCL,22-23
2023,24,ブカヨ・サカ,1,,WC,2022,,,,,,,,,,,,
2023,25,ヨシュコ・グヴァルディオル,1,,WC,2022,,,,,,,,,,,,
2023,26,ジャマル・ムシアラ,,,,,,,,,,,,,,,,
2023,27,ニコロ・バレッラ,,,,,,,,,,,,,,,UCL,22-23
2023,28,マルティン・ウーデゴール,,,,,,,,,,,,,,,,
2023,28,ランダル・コロ・ムアニ,,,,,,,,,,,,,,,,
2023,30,ルベン・ディアス,,,,,,,,,,,,,,,UCL,22-23
2022,1,カリム・ベンゼマ,549,ラ・リーガ得点王 | CL 得点王&MVP,,,,,,,,,,,,,UCL,21-22
2022,2,サディオ・マネ,193,アフリカネーションズカップ MVP,AFCON,2021,,,,,,,,,,,UCL,21-22
2022,3,ケヴィン・デ・ブライネ,175,,,,,,,,,,,,,,,
2022,4,ロベルト・レヴァンドフスキ,170,ブンデスリーガ 得点王,,,,,,,,,,,,,UCL,21-22
2022,5,モハメド・サラー,116,プレミアリーグ 得点王,AFCON,2021,,,,,,,,,,,UCL,21-22
2022,6,キリアン・エムバペ,85,リーグ・アン 得点王,,,,,,,,,,,,,,
2022,7,ティボ・クルトゥワ,82,,,,,,,,,,,,,,UCL,21-22
2022,8,ヴィニシウス・ジュニオール,61,CL 最優秀若手選手,,,,,,,,,,,,,UCL,21-22
2022,9,ルカ・モドリッチ,20,,,,,,,,,,,,,,UCL,21-22
2022,10,エルリング・ブラウト・ホランド,18,,,,,,,,,,,,,,,
2022,11,孫興慜,5,プレミアリーグ 得点王,,,,,,,,,,,,,,
2022,12,リヤド・マフレズ,4,,,,,,,,,,,,,,,
2022,13,セバスティアン・アレー,2,,,,,,,,,,,,,,UCL,21-22
2022,14,ラファエル・レオン,2,,,,,,,,,,,,,,,
2022,14,ファビーニョ,2,,,,,,,,,,,,,,UCL,21-22
2022,16,フィルジル・ファン・ダイク,1,,,,,,,,,,,,,,UCL,21-22
2022,17,カゼミーロ,1,,,,,,,,,,,,,,UCL,21-22
2022,17,ドゥシャン・ヴラホヴィッチ,1,,,,,,,,,,,,,,,
2022,17,ルイス・ディアス,1,,,,,,,,,,,,,,UCL,21-22
2022,20,クリスティアーノ・ロナウド,,,,,,,,,,,,,,,,
2022,21,ハリー・ケイン,,,,,,,,,,,,,,,,
2022,22,ベルナルド・シウバ,,,,,,,,,,,,,,,,
2022,22,トレント・アレクサンダー＝アーノルド,,,,,,,,,,,,,,,UCL,21-22
2022,22,フィル・フォーデン,,,,,,,,,,,,,,,,
2022,25,ダルウィン・ヌニェス,,,,,,,,,,,,,,,UCL,21-22
2022,25,クリストフェル・エンクンク,,,,,,,,,,,,,,,,
2022,25,ジョアン・カンセロ,,,,,,,,,,,,,,,,
2022,25,アントニオ・リュディガー,,,,,,,,,,,,,,,,
2022,25,マイク・メニャン,,,,,,,,,,,,,,,,
2022,25,ジョシュア・キミッヒ,,,,,,,,,,,,,,,,
2021,1,リオネル・メッシ,613,ラ・リーガ 得点王 | コパ・アメリカ MVP/得点王,COPA,2021,,,,,バルセロナ,laliga,2020-21,パリ・サンジェルマン,ligue-1,2021-22,,
2021,2,ロベルト・レヴァンドフスキ,580,ブンデスリーガ 得点王,,,,,,,,,,,,,,
2021,3,ジョルジーニョ,460,,EURO,2020,,,,,,,,,,,UCL,20-21
2021,4,カリム・ベンゼマ,239,,EURO,2020,,,,,,,,,,,,
2021,5,エンゴロ・カンテ,186,,EURO,2020,,,,,,,,,,,UCL,20-21
2021,6,クリスティアーノ・ロナウド,178,セリエA/EURO 得点王,EURO,2020,,,,,ユヴェントス,serie-a,2020-21,マンチェスター・ユナイテッド,premier-league,2021-22,,
2021,7,モハメド・サラー,121,,,,,,,,,,,,,,,
2021,8,ケヴィン・デ・ブライネ,73,,,,,,,,,,,,,,UCL,20-21
2021,9,キリアン・エムバペ,58,リーグ・アン 得点王,,,,,,,,,,,,,,
2021,10,ジャンルイジ・ドンナルンマ,36,EURO 最優秀選手,EURO,2020,,,,,ACミラン,serie-a,2020-21,パリ・サンジェルマン,ligue-1,2021-22,,
2021,11,エルリング・ブラウト・ホランド,33,CL 得点王,,,,,,,,,,,,,UCL,20-21
2021,12,ロメル・ルカク,26,,EURO,2020,,,,,インテル,serie-a,2020-21,チェルシー,premier-league,2021-22,,
2021,13,ジョルジョ・キエッリーニ,26,,EURO,2020,,,,,,,,,,,,
2021,14,レオナルド・ボヌッチ,18,,EURO,2020,,,,,,,,,,,,
2021,15,ラヒーム・スターリング,10,,,,,,,,,,,,,,UCL,20-21
2021,16,ネイマール,9,コパ・アメリカ MVP,COPA,2021,,,,,,,,,,,,
2021,17,ルイス・スアレス,8,,,,,,,,,,,,,,,
2021,18,シモン・ケアー,8,,EURO,2020,,,,,,,,,,,,
2021,19,メイソン・マウント,7,,,,,,,,,,,,,,UCL,20-21
2021,20,リヤド・マフレズ,7,,,,,,,,,,,,,,UCL,20-21
2021,21,ブルーノ・フェルナンデス,6,EL 得点王,,,,,,,,,,,,,UEL,20-21
2021,21,ラウタロ・マルティネス,6,,,,,,,,,,,,,,,
2021,23,ハリー・ケイン,4,プレミアリーグ 得点王,,,,,,,,,,,,,,
2021,24,ペドリ,3,EURO 最優秀若手選手,EURO,2020,,,,,,,,,,,,
2021,25,フィル・フォーデン,2,,,,,,,,,,,,,,UCL,20-21
2021,26,ニコロ・バレッラ,1,,EURO,2020,,,,,,,,,,,,
2021,26,ルベン・ディアス,1,,,,,,,,,,,,,,UCL,20-21
2021,26,ジェラール・モレノ,1,,,,,,,,,,,,,,UEL,20-21
2021,29,セサル・アスピリクエタ,,,,,,,,,,,,,,,UCL,20-21
2021,29,ルカ・モドリッチ,,,,,,,,,,,,,,,,
2019,1,リオネル・メッシ,686,ラ・リーガ/CL 得点王,,,,,,,,,,,,,,
2019,2,フィルジル・ファン・ダイク,679,,,,,,,,,,,,,,,
2019,3,クリスティアーノ・ロナウド,476,,,,,,,,,,,,,,,
2019,4,サディオ・マネ,347,プレミアリーグ 得点王,AFCON,2019,,,,,,,,,,,,
2019,5,モハメド・サラー,178,プレミアリーグ 得点王,,,,,,,,,,,,,,
2019,6,キリアン・エムバペ,89,リーグ・アン 得点王,,,,,,,,,,,,,,
2019,7,アリソン,67,コパ・アメリカ 最優秀GK,COPA,2019,,,,,,,,,,,,
2019,8,ロベルト・レヴァンドフスキ,44,ブンデスリーガ 得点王,,,,,,,,,,,,,,
2019,9,ベルナルド・シウバ,41,,,,,,,,,,,,,,,
2019,10,リヤド・マフレズ,33,,AFCON,2019,,,,,,,,,,,,
2019,11,フレンキー・デ・ヨング,31,,,,,,,,アヤックス,eredivisie,2018-19,バルセロナ,laliga,2019-20,,
2019,12,ラヒーム・スターリング,30,,,,,,,,,,,,,,,
2019,13,エデン・アザール,25,,,,,,,,チェルシー,premier-league,2018-19,レアル・マドリード,laliga,2019-20,,
2019,14,ケヴィン・デ・ブライネ,14,,,,,,,,,,,,,,,
2019,15,マタイス・デ・リフト,13,,,,,,,,アヤックス,eredivisie,2018-19,ユヴェントス,serie-a,2019-20,,
2019,16,セルヒオ・アグエロ,12,,COPA,2019,,,,,,,,,,,,
2019,17,ロベルト・フィルミーノ,11,,COPA,2019,,,,,,,,,,,,
2019,18,アントワヌ・グリエズマン,9,,,,,,,,アトレティコ・マドリード,laliga,2018-19,バルセロナ,laliga,2019-20,,
2019,19,トレント・アレクサンダー＝アーノルド,8,,,,,,,,,,,,,,,
2019,20,ピエール＝エメリク・オーバメヤン,5,プレミアリーグ 得点王,,,,,,,,,,,,,,
2019,20,ドゥシャン・タディッチ,5,,,,,,,,,,,,,,,
2019,22,孫興慜,4,,,,,,,,,,,,,,,
2019,23,ウーゴ・ロリス,3,,,,,,,,,,,,,,,
2019,24,カリドゥ・クリバリ,2,,AFCON,2019,,,,,,,,,,,,
2019,24,マルク＝アンドレ・テア・シュテーゲン,2,,,,,,,,,,,,,,,
2019,26,カリム・ベンゼマ,1,,,,,,,,,,,,,,,
2019,26,ジョルジニオ・ワイナルドゥム,1,,,,,,,,,,,,,,,
2019,28,ジョアン・フェリックス,,,,,,,Portugal,FW,SLベンフィカ,,2018-19,アトレティコ・マドリード,laliga,2019-20,,
2019,28,マルキーニョス,,,,,,,,,,,,,,,,
2019,28,ドニー・ファン・デ・ベーク,,,,,,,,,,,,,,,,
2018,1,ルカ・モドリッチ,753,WC ゴールデンボール,WC,2018,,,,,,,,,,,,
2018,2,クリスティアーノ・ロナウド,476,CL 得点王,WC,2018,,,,,レアル・マドリード,laliga,2017-18,ユヴェントス,serie-a,2018-19,,
2018,3,アントワヌ・グリエズマン,414,WC ブロンズボール,WC,2018,,,,,,,,,,,,
2018,4,キリアン・エムバペ,347,WC 最優秀若手選手,WC,2018,,,,,,,,,,,,
2018,5,リオネル・メッシ,280,ラ・リーガ 得点王,,,,,,,,,,,,,,
2018,6,モハメド・サラー,188,プレミアリーグ 得点王,,,,,,,,,,,,,,
2018,7,ラファエル・ヴァラーヌ,121,,WC,2018,,,,,,,,,,,,
2018,8,エデン・アザール,119,WC シルバーボール,WC,2018,,,,,,,,,,,,
2018,9,ケヴィン・デ・ブライネ,29,,WC,2018,,,,,,,,,,,,
2018,10,ハリー・ケイン,25,WC 得点王,WC,2018,,,,,,,,,,,,
2018,11,エンゴロ・カンテ,24,,WC,2018,,,,,,,,,,,,
2018,12,ネイマール,19,,,,,,,,,,,,,,,
2018,13,ルイス・スアレス,17,,WC,2018,,,,,,,,,,,,
2018,14,ティボ・クルトゥワ,12,WC 最優秀GK,WC,2018,,,,,チェルシー,premier-league,2017-18,レアル・マドリード,laliga,2018-19,,
2018,15,ポール・ポグバ,9,,WC,2018,,,,,,,,,,,,
2018,16,セルヒオ・アグエロ,7,,,,,,,,,,,,,,,
2018,17,ガレス・ベイル,6,,,,,,,,,,,,,,,
2018,17,カリム・ベンゼマ,6,,,,,,,,,,,,,,,
2018,19,ロベルト・フィルミーノ,4,,,,,,,,,,,,,,,
2018,19,イヴァン・ラキティッチ,4,,WC,2018,,,,,,,,,,,,
2018,19,セルヒオ・ラモス,4,,,,,,,,,,,,,,,
2018,22,サディオ・マネ,3,,,,,,,,,,,,,,,
2018,22,エディンソン・カバーニ,3,リーグ・アン 得点王,WC,2018,,,,,,,,,,,,
2018,22,マルセロ,3,,,,,,,,,,,,,,,
2018,25,マリオ・マンジュキッチ,2,,WC,2018,,,,,,,,,,,,
2018,25,ヤン・オブラク,2,,,,,,,,,,,,,,,
2018,25,アリソン,2,,,,,,,,ASローマ,serie-a,2017-18,リヴァプール,premier-league,2018-19,,
2018,28,ディエゴ・ゴディン,1,,WC,2018,,,,,,,,,,,,
2018,29,イスコ,,,,,,,,,,,,,,,,
2018,29,ウーゴ・ロリス,,,WC,2018,,,,,,,,,,,,
2017,1,クリスティアーノ・ロナウド,946,CL 得点王,,,,,,,,,,,,,,
2017,2,リオネル・メッシ,670,ラ・リーガ 得点王,,,,,,,,,,,,,,
2017,3,ネイマール,361,,,,,,,,バルセロナ,laliga,2016-17,パリ・サンジェルマン,ligue-1,2017-18,,
2017,4,ジャンルイジ・ブッフォン,221,,,,,,,,,,,,,,,
2017,5,ルカ・モドリッチ,84,,,,,,,,,,,,,,,
2017,6,セルヒオ・ラモス,71,,,,,,,,,,,,,,,
2017,7,キリアン・エムバペ,48,,,,,,France / Cameroon,FW,ASモナコ,ligue-1,2016-17,パリ・サンジェルマン,ligue-1,2017-18,,
2017,8,エンゴロ・カンテ,47,,,,,,,,,,,,,,,
2017,9,ロベルト・レヴァンドフスキ,45,,,,,,,,,,,,,,,
2017,10,ハリー・ケイン,36,プレミアリーグ 得点王,,,,,,,,,,,,,,
2017,11,エディンソン・カバーニ,32,リーグ・アン 得点王,,,,,,,,,,,,,,
2017,12,イスコ,28,,,,,,,,,,,,,,,
2017,13,ルイス・スアレス,27,,,,,,,,,,,,,,,
2017,14,ケヴィン・デ・ブライネ,25,,,,,,,,,,,,,,,
2017,15,パウロ・ディバラ,23,,,,,,,,,,,,,,,
2017,16,マルセロ,21,,,,,,,,,,,,,,,
2017,17,トニ・クロース,20,,,,,,,,,,,,,,,
2017,18,アントワヌ・グリエズマン,17,,,,,,,,,,,,,,,
2017,19,エデン・アザール,16,,,,,,,,,,,,,,,
2017,20,ダビド・デ・ヘア,15,,,,,,,,,,,,,,,
2017,21,ピエール＝エメリク・オーバメヤン,14,ブンデスリーガ 得点王,,,,,,,,,,,,,,
2017,21,レオナルド・ボヌッチ,14,,,,,,,,ユヴェントス,serie-a,2016-17,ACミラン,serie-a,2017-18,,
2017,23,サディオ・マネ,10,,,,,,,,,,,,,,,
2017,24,ラダメル・ファルカオ,9,,,,,,Colombia,FW,ASモナコ,ligue-1,2016-17,,,,,
2017,25,カリム・ベンゼマ,7,,,,,,,,,,,,,,,
2017,26,ヤン・オブラク,4,,,,,,,,,,,,,,,
2017,27,マッツ・フメルス,3,,,,,,,,,,,,,,,
2017,28,エディン・ジェコ,2,セリエA 得点王,,,,,,,,,,,,,,
2017,29,フィリペ・コウチーニョ,,,,,,,,,,,,,,,,
2017,29,ドリース・メルテンス,,,,,,,,,,,,,,,,
2016,1,クリスティアーノ・ロナウド,745,CL 得点王,EURO,2016,,,,,,,,,,,,
2016,2,リオネル・メッシ,316,,COPA,2016,,,,,,,,,,,,
2016,3,アントワヌ・グリエズマン,198,EURO 最優秀選手/得点王,EURO,2016,,,,,,,,,,,,
2016,4,ルイス・スアレス,91,ラ・リーガ 得点王,,,,,,,,,,,,,,
2016,5,ネイマール,68,,,,,,,,,,,,,,,
2016,6,ガレス・ベイル,60,,EURO,2016,,,,,,,,,,,,
2016,7,リヤド・マフレズ,20,,,,,,,,,,,,,,,
2016,8,ジェイミー・ヴァーディ,11,,,,,,,,,,,,,,,
2016,9,ジャンルイジ・ブッフォン,8,,,,,,,,,,,,,,,
2016,9,ペペ,8,,EURO,2016,,,,,,,,,,,,
2016,11,ピエール＝エメリク・オーバメヤン,7,,,,,,,,,,,,,,,
2016,12,ルイ・パトリシオ,6,,EURO,2016,,,Portugal,GK,スポルティングCP,primeira-liga,2015-16,,,,,
2016,13,ズラタン・イブラヒモビッチ,5,リーグ・アン 得点王,,,,,,,パリ・サンジェルマン,ligue-1,2015-16,マンチェスター・ユナイテッド,premier-league,2016-17,,
2016,14,ポール・ポグバ,4,,EURO,2016,,,,,ユヴェントス,serie-a,2015-16,マンチェスター・ユナイテッド,premier-league,2016-17,,
2016,14,アルトゥーロ・ビダル,4,,COPA,2016,,,,,,,,,,,,
2016,16,ロベルト・レヴァンドフスキ,3,ブンデスリーガ 得点王,,,,,,,,,,,,,,
2016,17,トニ・クロース,1,,EURO,2016,,,,,,,,,,,,
2016,17,ルカ・モドリッチ,1,,,,,,,,,,,,,,,
2016,17,ディミトリ・パイェ,1,,EURO,2016,,,,,,,,,,,,
2016,20,セルヒオ・アグエロ,0,,,,,,,,,,,,,,,
2016,20,ケヴィン・デ・ブライネ,0,,,,,,,,,,,,,,,
2016,20,パウロ・ディバラ,0,,,,,,,,,,,,,,,
2016,20,ディエゴ・ゴディン,0,,,,,,,,,,,,,,,
2016,20,ゴンサロ・イグアイン,0,セリエA 得点王,,,,,,,SSCナポリ,serie-a,2015-16,ユヴェントス,serie-a,2016-17,,
2016,20,アンドレス・イニエスタ,0,,,,,,,,,,,,,,,
2016,20,コケ,0,,,,,,,,,,,,,,,
2016,20,ウーゴ・ロリス,0,,,,,,,,,,,,,,,
2016,20,トーマス・ミュラー,0,,,,,,,,,,,,,,,
2016,20,マヌエル・ノイアー,0,,,,,,,,,,,,,,,
2016,20,セルヒオ・ラモス,0,,,,,,,,,,,,,,,
2015,1,リオネル・メッシ,1840,CL 得点王,COPA,2015,,,,,,,,,,,,
2015,2,クリスティアーノ・ロナウド,1262,ラ・リーガ/CL 得点王,,,,,,,,,,,,,,
2015,3,ネイマール,336,CL 得点王,,,,,,,,,,,,,,
2015,4,ロベルト・レヴァンドフスキ,188,,,,,,,,,,,,,,,
2015,5,ルイス・スアレス,166,,,,,,,,,,,,,,,
2015,6,トーマス・ミュラー,97,,,,,,,,,,,,,,,
2015,7,マヌエル・ノイアー,86,,,,,,,,,,,,,,,
2015,8,エデン・アザール,62,,,,,,,,,,,,,,,
2015,9,アンドレス・イニエスタ,55,,,,,,,,,,,,,,,
2015,10,アレクシス・サンチェス,51,,COPA,2015,,,,,,,,,,,,
2015,11,ズラタン・イブラヒモビッチ,47,,,,,,,,,,,,,,,
2015,12,ヤヤ・トゥーレ,38,,AFCON,2015,,,,,,,,,,,,
2015,13,セルヒオ・アグエロ,37,プレミアリーグ 得点王,COPA,2015,,,,,,,,,,,,
2015,14,ハビエル・マスチェラーノ,35,,COPA,2015,,,,,,,,,,,,
2015,15,ポール・ポグバ,32,,,,,,,,,,,,,,,
2015,16,ガレス・ベイル,29,,,,,,,,,,,,,,,
2015,17,アルトゥーロ・ビダル,26,,COPA,2015,,,,,ユヴェントス,serie-a,2014-15,バイエルン・ミュンヘン,bundesliga,2015-16,,
2015,18,ケヴィン・デ・ブライネ,21,,,,,,Belgium,MF,VfLヴォルフスブルク,bundesliga,2014-15,マンチェスター・シティ,premier-league,2015-16,,
2015,19,ハメス・ロドリゲス,20,,,,,,,,,,,,,,,
2015,20,カリム・ベンゼマ,18,,,,,,,,,,,,,,,
2015,21,トニ・クロース,13,,,,,,,,,,,,,,,
2015,22,アリエン・ロッベン,13,,,,,,,,,,,,,,,
2015,23,イヴァン・ラキティッチ,2,,,,,,,,,,,,,,,
2014,1,クリスティアーノ・ロナウド,37.66,ラ・リーガ/CL 得点王,,,,,,,,,,,,,,
2014,2,リオネル・メッシ,15.76,WC ゴールデンボール,WC,2014,,,,,,,,,,,,
2014,3,マヌエル・ノイアー,15.72,WC 最優秀GK,WC,2014,,,,,,,,,,,,
2014,4,アリエン・ロッベン,7.17,WC ブロンズボール,WC,2014,,,,,,,,,,,,
2014,5,トーマス・ミュラー,5.42,WC シルバーボール,WC,2014,,,,,,,,,,,,
2014,6,フィリップ・ラーム,2.90,,WC,2014,,,,,,,,,,,,
2014,7,ネイマール,2.21,,WC,2014,,,,,,,,,,,,
2014,8,ハメス・ロドリゲス,1.47,WC 得点王,WC,2014,,,Colombia,MF,ASモナコ,ligue-1,2013-14,レアル・マドリード,laliga,2014-15,,
2014,9,トニ・クロース,1.43,,WC,2014,,,,,バイエルン・ミュンヘン,bundesliga,2013-14,レアル・マドリード,laliga,2014-15,,
2014,10,アンヘル・ディ・マリア,1.29,,WC,2014,,,,,レアル・マドリード,laliga,2013-14,マンチェスター・ユナイテッド,premier-league,2014-15,,
2014,11,ジエゴ・コスタ,1.02,,,,,,,,アトレティコ・マドリード,laliga,2013-14,チェルシー,premier-league,2014-15,,
2014,12,ガレス・ベイル,1.00,,,,,,,,,,,,,,,
2014,13,ズラタン・イブラヒモビッチ,1.00,リーグ・アン 得点王,,,,,,,,,,,,,,
2014,14,ヤヤ・トゥーレ,0.86,,,,,,,,,,,,,,,
2014,15,マリオ・ゲッツェ,0.84,,WC,2014,,,,,,,,,,,,
2014,16,カリム・ベンゼマ,0.75,,,,,,,,,,,,,,,
2014,17,アンドレス・イニエスタ,0.67,,,,,,,,,,,,,,,
2014,18,バスティアン・シュヴァインシュタイガー,0.57,,WC,2014,,,,,,,,,,,,
2014,19,ハビエル・マスチェラーノ,0.55,,WC,2014,,,,,,,,,,,,
2014,20,ティボ・クルトゥワ,0.51,,,,,,,,アトレティコ・マドリード,laliga,2013-14,チェルシー,premier-league,2014-15,,
2014,21,エデン・アザール,0.47,,,,,,,,,,,,,,,
2014,22,ポール・ポグバ,0.40,WC 最優秀若手選手,WC,2014,,,,,,,,,,,,
2014,23,セルヒオ・ラモス,0.33,,,,,,,,,,,,,,,
2013,1,クリスティアーノ・ロナウド,27.99,CL 得点王,,,,,,,,,,,,,,
2013,2,リオネル・メッシ,24.72,ラ・リーガ 得点王,,,,,,,,,,,,,,
2013,3,フランク・リベリー,23.36,,,,,,,,,,,,,,,
2013,4,ズラタン・イブラヒモビッチ,5.29,リーグ・アン 得点王,,,,,,,,,,,,,,
2013,5,ネイマール,3.17,,,,,,Brazil,FW,サントスFC,,2012-13,バルセロナ,laliga,2013-14,,
2013,6,アンドレス・イニエスタ,2.08,,,,,,,,,,,,,,,
2013,7,ロビン・ファン・ペルシ,1.79,プレミアリーグ 得点王,,,,,,,,,,,,,,
2013,8,アリエン・ロッベン,1.77,,,,,,,,,,,,,,,
2013,9,ガレス・ベイル,1.32,,,,,,Wales,FW,トッテナム・ホットスパー,premier-league,2012-13,レアル・マドリード,laliga,2013-14,,
2013,10,アンドレア・ピルロ,1.11,,,,,,,,,,,,,,,
2013,11,ラダメル・ファルカオ,1.08,,,,,,,,アトレティコ・マドリード,laliga,2012-13,ASモナコ,ligue-1,2013-14,,
2013,12,ヤヤ・トゥーレ,0.99,,,,,,,,,,,,,,,
2013,13,ロベルト・レヴァンドフスキ,0.92,,,,,,,,,,,,,,,
2013,14,フィリップ・ラーム,0.82,,,,,,,,,,,,,,,
2013,14,シャビ,0.82,,,,,,,,,,,,,,,
2013,16,メスト・エジル,0.71,,,,,,,,レアル・マドリード,laliga,2012-13,アーセナル,premier-league,2013-14,,
2013,17,バスティアン・シュヴァインシュタイガー,0.43,,,,,,,,,,,,,,,
2013,17,トーマス・ミュラー,0.43,,,,,,,,,,,,,,,
2013,19,ルイス・スアレス,0.39,,,,,,,,,,,,,,,
2013,20,エディンソン・カバーニ,0.36,セリエA 得点王,,,,,Uruguay,FW,SSCナポリ,serie-a,2012-13,パリ・サンジェルマン,ligue-1,2013-14,,
2013,21,チアゴ・シウバ,0.24,,,,,,,,,,,,,,,
2013,22,エデン・アザール,0.16,,,,,,,,,,,,,,,
2013,23,マヌエル・ノイアー,0.08,,,,,,,,,,,,,,,
2012,1,リオネル・メッシ,41.60,ラ・リーガ/CL 得点王,,,,,,,,,,,,,,
2012,2,クリスティアーノ・ロナウド,23.68,EURO 得点王,EURO,2012,,,,,,,,,,,,
2012,3,アンドレス・イニエスタ,10.91,EURO 最優秀選手,EURO,2012,,,,,,,,,,,,
2012,4,シャビ,4.08,,EURO,2012,,,,,,,,,,,,
2012,5,ラダメル・ファルカオ,3.67,EL 得点王,,,,,,,,,,,,,,
2012,6,イケル・カシージャス,3.18,,EURO,2012,,,,,,,,,,,,
2012,7,アンドレア・ピルロ,2.66,,EURO,2012,,,,,,,,,,,,
2012,8,ディディエ・ドログバ,2.60,,AFCON,2012,,,,,チェルシー,premier-league,2011-12,上海申花,,2012-13,,
2012,9,ロビン・ファン・ペルシ,1.45,プレミアリーグ 得点王,,,,,,,アーセナル,premier-league,2011-12,マンチェスター・ユナイテッド,premier-league,2012-13,,
2012,10,ズラタン・イブラヒモビッチ,1.24,セリエA 得点王,EURO,2012,,,,,ACミラン,serie-a,2011-12,パリ・サンジェルマン,ligue-1,2012-13,,
2012,11,シャビ・アロンソ,1.09,,EURO,2012,,,,,,,,,,,,
2012,12,ヤヤ・トゥーレ,0.76,,AFCON,2012,,,,,,,,,,,,
2012,13,ネイマール,0.61,,,,,,Brazil,FW,サントスFC,,2011-12,,,,,
2012,14,メスト・エジル,0.41,,EURO,2012,,,,,,,,,,,,
2012,15,ウェイン・ルーニー,0.39,,,,,,,,,,,,,,,
2012,16,ジャンルイジ・ブッフォン,0.35,,EURO,2012,,,,,,,,,,,,
2012,17,セルヒオ・アグエロ,0.30,,,,,,,,,,,,,,,
2012,18,セルヒオ・ラモス,0.22,,EURO,2012,,,,,,,,,,,,
2012,19,マヌエル・ノイアー,0.21,,EURO,2012,,,,,,,,,,,,
2012,20,セルヒオ・ブスケツ,0.20,,EURO,2012,,,,,,,,,,,,
2012,21,ジェラール・ピケ,0.11,,EURO,2012,,,,,,,,,,,,
2012,21,カリム・ベンゼマ,0.11,,,,,,,,,,,,,,,
2012,23,マリオ・バロテッリ,0.07,EURO 得点王,EURO,2012,,,,,,,,,,,,
2011,1,リオネル・メッシ,47.88,CL 得点王,,,,,,,,,,,,,,
2011,2,クリスティアーノ・ロナウド,21.60,ラ・リーガ 得点王,,,,,,,,,,,,,,
2011,3,シャビ,9.23,,,,,,,,,,,,,,,
2011,4,アンドレス・イニエスタ,6.01,,,,,,,,,,,,,,,
2011,5,ウェイン・ルーニー,2.31,,,,,,,,,,,,,,,
2011,6,ルイス・スアレス,1.48,コパ・アメリカ MVP,COPA,2011,,,,,アヤックス・アムステルダム,eredivisie,2010-11,リヴァプール,premier-league,2010-11,,
2011,7,ディエゴ・フォルラン,1.43,,COPA,2011,,,,,,,,,,,,
2011,8,サミュエル・エトー,1.34,,,,,,,,インテル・ミラノ,serie-a,2010-11,アンジ・マハチカラ,,,,
2011,9,イケル・カシージャス,1.29,,,,,,,,,,,,,,,
2011,10,ネイマール,1.12,,COPA,2011,,,Brazil,FW,サントスFC,,2010-11,,,,,
2011,11,メスト・エジル,0.76,,,,,,,,,,,,,,,
2011,12,ヴェスレイ・スナイデル,0.72,,,,,,,,,,,,,,,
2011,13,トーマス・ミュラー,0.64,,,,,,,,,,,,,,,
2011,14,ダビド・ビジャ,0.53,,,,,,,,,,,,,,,
2011,15,バスティアン・シュヴァインシュタイガー,0.50,,,,,,,,,,,,,,,
2011,16,シャビ・アロンソ,0.48,,,,,,,,,,,,,,,
2011,16,セルヒオ・アグエロ,0.48,,COPA,2011,,,,,アトレティコ・マドリード,laliga,2010-11,マンチェスター・シティ,premier-league,2011-12,,
2011,18,エリック・アビダル,0.36,,,,,,,,,,,,,,,
2011,19,ダニエウ・アウヴェス,0.34,,,,,,,,,,,,,,,
2011,19,カリム・ベンゼマ,0.34,,,,,,,,,,,,,,,
2011,21,セスク・ファブレガス,0.29,,,,,,,,アーセナル,premier-league,2010-11,バルセロナ,laliga,2011-12,,
2011,22,ナニ,0.26,,,,,,,,,,,,,,,
2011,23,ジェラール・ピケ,0.22,,,,,,,,,,,,,,,
2010,1,リオネル・メッシ,22.65,ラ・リーガ/CL 得点王,,,,,,,,,,,,,,
2010,2,アンドレス・イニエスタ,17.36,,WC,2010,,,,,,,,,,,,
2010,3,シャビ,16.48,,WC,2010,,,,,,,,,,,,
2010,4,ヴェスレイ・スナイデル,14.48,WC シルバーボール/得点王,WC,2010,,,,,,,,,,,,
2010,5,ディエゴ・フォルラン,7.61,WC ゴールデンボール/得点王,WC,2010,,,,,,,,,,,,
2010,6,クリスティアーノ・ロナウド,3.92,,,,,,,,,,,,,,,
2010,7,イケル・カシージャス,2.90,WC 最優秀GK,WC,2010,,,,,,,,,,,,
2010,8,ダビド・ビジャ,2.25,WC ブロンズボール/得点王,WC,2010,,,,,バレンシア,laliga,2009-10,バルセロナ,laliga,2010-11,,
2010,9,ディディエ・ドログバ,1.68,プレミアリーグ 得点王,,,,,,,,,,,,,,
2010,10,シャビ・アロンソ,1.52,,WC,2010,,,,,,,,,,,,
2010,11,カルレス・プジョル,1.43,,WC,2010,,,,,,,,,,,,
2010,12,サミュエル・エトー,1.37,,,,,,,,,,,,,,,
2010,13,メスト・エジル,1.21,,WC,2010,,,Germany,MF,ヴェルダー・ブレーメン,bundesliga,2009-10,レアル・マドリード,laliga,2010-11,,
2010,14,アリエン・ロッベン,1.16,,WC,2010,,,,,,,,,,,,
2010,15,トーマス・ミュラー,0.91,WC 最優秀若手選手/得点王,WC,2010,,,,,,,,,,,,
2010,16,バスティアン・シュヴァインシュタイガー,0.75,,WC,2010,,,,,,,,,,,,
2010,17,マイコン,0.57,,WC,2010,,,,,,,,,,,,
2010,18,アサモア・ギャン,0.46,,AFCON,2010,,,Ghana,FW,スタッド・レンヌ,ligue-1,2009-10,サンダーランド,premier-league,2010-11,,
2010,19,ジュリオ・セザル,0.22,,,,,,,,,,,,,,,
2010,19,セスク・ファブレガス,0.22,,WC,2010,,,,,,,,,,,,
2010,21,ミロスラフ・クローゼ,0.19,,WC,2010,,,,,,,,,,,,
2010,22,フィリップ・ラーム,0.05,,WC,2010,,,,,,,,,,,,
2010,22,ダニエウ・アウヴェス,0.05,,,,,,,,,,,,,,,
2009,1,リオネル・メッシ,473,CL 得点王,,,,,,,,,,,,,,
2009,2,クリスティアーノ・ロナウド,233,,,,,,,,マンチェスター・ユナイテッド,premier-league,2008-09,レアル・マドリード,laliga,2009-10,,
2009,3,シャビ,170,,,,,,,,,,,,,,,
2009,4,アンドレス・イニエスタ,149,,,,,,,,,,,,,,,
2009,5,サミュエル・エトー,75,,,,,,,,バルセロナ,laliga,2008-09,インテル・ミラノ,serie-a,2009-10,,
2009,6,カカ,58,,,,,,,,ACミラン,serie-a,2008-09,レアル・マドリード,laliga,2009-10,,
2009,7,ズラタン・イブラヒモビッチ,50,セリエA 得点王,,,,,,,インテル・ミラノ,serie-a,2008-09,バルセロナ,laliga,2009-10,,
2009,8,ウェイン・ルーニー,35,,,,,,,,,,,,,,,
2009,9,ディディエ・ドログバ,33,,,,,,,,,,,,,,,
2009,10,スティーヴン・ジェラード,32,,,,,,,,,,,,,,,
2009,11,フェルナンド・トーレス,22,,,,,,,,,,,,,,,
2009,12,セスク・ファブレガス,13,,,,,,,,,,,,,,,
2009,13,エディン・ジェコ,12,,,,,,Bosnia-H.,FW,Vflヴォルフスブルク,bundesliga,,,,,,
2009,14,ライアン・ギグス,11,,,,,,,,,,,,,,,
2009,15,ティエリ・アンリ,9,,,,,,,,,,,,,,,
2009,16,ルイス・ファビアーノ,8,,,,,,Brazil,FW,セビージャ,laliga,,,,,,
2009,16,ネマニャ・ヴィディッチ,8,,,,,,,,,,,,,,,
2009,16,イケル・カシージャス,8,,,,,,,,,,,,,,,
2009,19,ディエゴ・フォルラン,7,ラ・リーガ 得点王,,,,,,,,,,,,,,
2009,20,ヨアン・グルキュフ,6,,,,,,France,MF,ボルドー,ligue-1,,,,,,
2009,21,アンドレイ・アルシャヴィン,5,,,,,,,,,,,,,,,
2009,21,ジュリオ・セザル,5,,,,,,,,,,,,,,,
2009,21,フランク・ランパード,5,,,,,,,,,,,,,,,
2009,24,マイコン,4,,,,,,,,,,,,,,,
2009,25,ジエゴ,3,,,,,,Brazil,MF,ヴェルダー・ブレーメン,bundesliga,2008-09,ユヴェントス,serie-a,2009-10,,
2009,26,ダビド・ビジャ,2,,,,,,Spain,FW,バレンシア,laliga,2008-09,,,,,
2009,26,ジョン・テリー,2,,,,,,,,,,,,,,,
2009,28,フランク・リベリー,1,,,,,,,,,,,,,,,
2009,28,ヤヤ・トゥーレ,1,,,,,,,,,,,,,,,
2009,30,カリム・ベンゼマ,,,,,,,France,FW,オリンピック・リヨン,ligue-1,2008-09,レアル・マドリード,laliga,2009-10,,
2008,1,クリスティアーノ・ロナウド,446,プレミアリーグ/CL 得点王,,,,,,,,,,,,,,
2008,2,リオネル・メッシ,281,,,,,,,,,,,,,,,
2008,3,フェルナンド・トーレス,179,,EURO,2008,,,,,,,,,,,,
2008,4,イケル・カシージャス,133,,EURO,2008,,,,,,,,,,,,
2008,5,シャビ,97,EURO 最優秀選手,EURO,2008,,,,,,,,,,,,
2008,6,アンドレイ・アルシャヴィン,64,,EURO,2008,,,Russia,FW,ゼニト・サンクトペテルブルク,,2007-08,,,,,
2008,7,ダビド・ビジャ,55,EURO 得点王,EURO,2008,,,Spain,FW,バレンシア,laliga,2007-08,,,,,
2008,8,ズラタン・イブラヒモビッチ,30,,,,,,,,,,,,,,,
2008,9,カカ,29,,,,,,,,,,,,,,,
2008,10,スティーヴン・ジェラード,28,,,,,,,,,,,,,,,
2008,11,マルコス・セナ,16,,EURO,2008,,,Spain,MF,ビジャレアル,laliga,2007-08,,,,,
2008,12,エマニュエル・アデバヨール,12,,,,,,,,,,,,,,,
2008,13,ウェイン・ルーニー,11,,,,,,,,,,,,,,,
2008,14,セルヒオ・アグエロ,10,,,,,,,,,,,,,,,
2008,15,フランク・ランパード,8,,,,,,,,,,,,,,,
2008,16,フランク・リベリー,7,,,,,,,,,,,,,,,
2008,17,サミュエル・エトー,6,アフリカネイションズカップ 得点王,AFCON,2008,,,,,,,,,,,,
2008,18,ジャンルイジ・ブッフォン,5,,EURO,2008,,,,,,,,,,,,
2008,19,ミヒャエル・バラック,4,,EURO,2008,,,,,,,,,,,,
2008,19,セスク・ファブレガス,4,,EURO,2008,,,,,,,,,,,,
2008,21,ディディエ・ドログバ,3,,AFCON,2008,,,,,,,,,,,,
2008,21,セルヒオ・ラモス,3,,,,,,,,,,,,,,,
2008,21,ネマニャ・ヴィディッチ,3,,,,,,,,,,,,,,,
2008,24,エトヴィン・ファン・デル・サール,2,,EURO,2008,,,,,,,,,,,,
2008,24,ルート・ファン・ニステルローイ,2,,,,,,,,,,,,,,,
2008,26,カリム・ベンゼマ,,リーグ・アン 得点王,,,,,France,FW,オリンピック・リヨン,ligue-1,2007-08,,,,,
2008,26,ペペ,,,,,,,,,,,,,,,,
2008,26,ルカ・トーニ,,ブンデスリーガ/UEFAカップ 得点王,,,,,,,,,,,,,,
2008,26,ラファエル・ファン・デル・ファールト,,,,,,,Netherlands,MF,ハンブルガーSV,bundesliga,2007-08,レアル・マドリード,laliga,2008-09,,
2008,26,ユーリ・ジルコフ,,,EURO,2008,,,Russia,MF,CSKAモスクワ,,2007-08,,,,,
2007,1,カカ,445,CL 得点王,,,,,,,,,,,,,,
2007,2,クリスティアーノ・ロナウド,277,,,,,,,,,,,,,,,
2007,3,リオネル・メッシ,255,,COPA,2007,,,,,,,,,,,,
2007,4,ディディエ・ドログバ,108,プレミアリーグ 得点王,,,,,,,,,,,,,,
2007,5,アンドレア・ピルロ,41,,,,,,,,,,,,,,,
2007,6,ルート・ファン・ニステルローイ,39,ラ・リーガ 得点王,,,,,,,,,,,,,,
2007,7,ズラタン・イブラヒモビッチ,31,,,,,,,,,,,,,,,
2007,8,セスク・ファブレガス,27,,,,,,,,,,,,,,,
2007,9,ロビーニョ,24,コパ・アメリカ MVP/得点王,COPA,2007,,,,,,,,,,,,
2007,10,フランチェスコ・トッティ,20,セリエA 得点王,,,,,Italy,MF,ASローマ,serie-a,2006-07,,,,,
2007,11,フレデリック・カヌーテ,19,,,,,,Mali,FW,セビージャ,laliga,2006-07,,,,,
2007,12,ロナウジーニョ,18,,,,,,,,,,,,,,,
2007,13,スティーヴン・ジェラード,17,,,,,,,,,,,,,,,
2007,14,フアン・ロマン・リケルメ,15,,COPA,2007,,,Argentina,MF,ボカ・ジュニアーズ,,2006-07,ビジャレアル,laliga,2007-08,,
2007,15,ダニエウ・アウヴェス,14,,COPA,2007,,,Brazil,DF,セビージャ,laliga,2006-07,,,,,
2007,16,フィリッポ・インザーギ,12,,,,,,,,,,,,,,,
2007,17,フランク・リベリー,10,,,,,,France,FW,オリンピック・マルセイユ,ligue-1,2006-07,バイエルン・ミュンヘン,bundesliga,2007-08,,
2007,18,パオロ・マルディーニ,8,,,,,,,,,,,,,,,
2007,19,ジャンルイジ・ブッフォン,7,,,,,,,,,,,,,,,
2007,19,ペトル・チェフ,7,,,,,,,,,,,,,,,
2007,19,ジェンナーロ・ガットゥーゾ,7,,,,,,,,,,,,,,,
2007,19,ティエリ・アンリ,7,,,,,,,,アーセナル,premier-league,2006-07,バルセロナ,laliga,2007-08,,
2007,19,クラレンス・セードルフ,7,,,,,,,,,,,,,,,
2007,24,ファビオ・カンナヴァーロ,5,,,,,,,,,,,,,,,
2007,24,マイケル・エッシェン,5,,,,,,,,,,,,,,,
2007,26,ウェイン・ルーニー,4,,,,,,,,,,,,,,,
2007,27,イケル・カシージャス,3,,,,,,,,,,,,,,,
2007,27,ロジェリオ・セニ,3,,,,,,Brazil,GK,サンパウロ,,2006-07,,,,,
2007,29,ユニス・マフムード,2,,,,,,Iraq,FW,アル・ガラファ,,2006-07,,,,,
2007,30,ギジェルモ・オチョア,1,,COPA,2007,,,Mexico,GK,クラブ・アメリカ,,2006-07,,,,,
2007,30,ディミタール・ベルバトフ,1,,,,,,Bulgaria,FW,トッテナム・ホットスパー,premier-league,2006-07,,,,,
2007,30,サミュエル・エトー,1,,,,,,,,,,,,,,,
2007,30,ライアン・ギグス,1,,,,,,,,,,,,,,,
2007,30,カルロス・テベス,1,,COPA,2007,,,,FW,ウェストハム・ユナイテッド,premier-league,2006-07,マンチェスター・ユナイテッド,premier-league,2007-08,,
2007,30,ロビン・ファン・ペルシ,1,,,,,,,,,,,,,,,
2007,,エリック・アビダル,,,,,,,,,オリンピック・リヨン,ligue-1,2006-07,バルセロナ,laliga,2007-08,,
2007,,デビッド・ベッカム,,,,,,,,,レアル・マドリード,laliga,2006-07,LAギャラクシー,,2007-08,,
2007,,デコ,,,,,,,,,,,,,,,,
2007,,マアマドゥ・ディアッラ,,,,,,,,,,,,,,,,
2007,,ジエゴ,,,,,,,Brazil,MF,ヴェルダー・ブレーメン,bundesliga,2006-07,,,,,
2007,,ミロスラフ・クローゼ,,,,,,,Germany,FW,ヴェルダー・ブレーメン,bundesliga,2006-07,バイエルン・ミュンヘン,bundesliga,2007-08,,
2007,,フローラン・マルダ,,,,,,,,,オリンピック・リヨン,ligue-1,2006-07,チェルシー,premier-league,2007-08,,
2007,,中村俊輔,,,,,,,Japan,MF,セルティック,scottish-premiership,2006-07,,,,,
2007,,リカルド・クアレスマ,,,,,,,Portugal,FW,FCポルト,primeira-liga,2006-07,,,,,
2007,,ラウル・ゴンサレス,,,,,,,,,,,,,,,,
2007,,ポール・スコールズ,,,,,,,,,,,,,,,,
2007,,ルカ・トーニ,,,,,,,Italy,FW,フィオレンティーナ,serie-a,2006-07,バイエルン・ミュンヘン,bundesliga,2007-08,,
2007,,コロ・トゥーレ,,,,,,,,,,,,,,,,
2007,,フェルナンド・トーレス,,,,,,,,,アトレティコ・マドリード,laliga,2006-07,リヴァプール,premier-league,2007-08,,
2007,,ダビド・ビジャ,,,,,,,Spain,FW,バレンシア,laliga,2006-07,,,,,
2006,1,ファビオ・カンナヴァーロ,173,WC シルバーボール,WC,2006,,,,,ユヴェントス,serie-a,2005-06,レアル・マドリード,laliga,2006-07,,
2006,2,ジャンルイジ・ブッフォン,124,WC 最優秀GK,WC,2006,,,,,,,,,,,,
2006,3,ティエリ・アンリ,121,プレミアリーグ 得点王,WC,2006,,,,,,,,,,,,
2006,4,ロナウジーニョ,73,,,,,,,,,,,,,,,
2006,5,ジネディーヌ・ジダン,71,WC ゴールデンボール,WC,2006,,,,,,,,,,,,
2006,6,サミュエル・エトー,67,ラ・リーガ 得点王,,,,,,,,,,,,,,
2006,7,ミロスラフ・クローゼ,29,ブンデスリーガ/WC 得点王,WC,2006,,,Germany,FW,ヴェルダー・ブレーメン,bundesliga,2005-06,,,,,
2006,8,ディディエ・ドログバ,25,,,,,,,,,,,,,,,
2006,9,アンドレア・ピルロ,17,WC ブロンズボール,WC,2006,,,,,,,,,,,,
2006,10,イェンス・レーマン,13,,WC,2006,,,,,,,,,,,,
2006,11,デコ,11,,,,,,,,,,,,,,,
2006,11,カカ,11,,,,,,,,,,,,,,,
2006,13,フランク・リベリー,9,,WC,2006,,,France,FW,オリンピック・マルセイユ,ligue-1,2005-06,,,,,
2006,14,ジェンナーロ・ガットゥーゾ,5,,WC,2006,,,,,,,,,,,,
2006,14,パトリック・ヴィエラ,5,,WC,2006,,,,,ユヴェントス,serie-a,2005-06,インテル・ミラノ,serie-a,2006-07,,
2006,14,クリスティアーノ・ロナウド,5,,WC,2006,,,,,,,,,,,,
2006,17,フランク・ランパード,3,,,,,,,,,,,,,,,
2006,17,ルーカス・ポドルスキ,3,WC 最優秀若手選手,WC,2006,,,Germany,FW,1.FCケルン,bundesliga,2005-06,バイエルン・ミュンヘン,bundesliga,2006-07,,
2006,17,カルレス・プジョル,3,,,,,,,,,,,,,,,
2006,20,ジュニーニョ・ペルナンブカーノ,2,,,,,,Brazil,MF,オリンピック・リヨン,ligue-1,2005-06,,,,,
2006,20,リオネル・メッシ,2,,,,,,,,,,,,,,,
2006,20,ルカ・トーニ,2,セリエA 得点王,WC,2006,,,Italy,FW,フィオレンティーナ,serie-a,2005-06,,,,,
2006,20,ジョン・テリー,2,,WC,2006,,,,,,,,,,,,
2006,20,ジャンルカ・ザンブロッタ,2,,WC,2006,,,,,,,,,,,,
2006,25,フィリップ・ラーム,1,,WC,2006,,,,,,,,,,,,
2006,25,ダビド・ビジャ,1,,WC,2006,,,Spain,FW,バレンシア,laliga,2005-06,,,,,
2006,,ミヒャエル・バラック,,,WC,2006,,,,,バイエルン・ミュンヘン,bundesliga,2005-06,チェルシー,premier-league,2006-07,,
2006,,ティム・ケーヒル,,,WC,2006,,,Australia,MF,エヴァートン,premier-league,2005-06,,,,,
2006,,ジョー・コール,,,,,,,,,,,,,,,,
2006,,グレゴリー・クペ,,,,,,,France,GK,オリンピック・リヨン,ligue-1,2005-06,,,,,
2006,,クリス,,,,,,,Brazil,DF,オリンピック・リヨン,ligue-1,2005-06,,,,,
2006,,マアマドゥ・ディアッラ,,,,,,,Mali,MF,オリンピック・リヨン,ligue-1,2005-06,レアル・マドリード,laliga,2006-07,,
2006,,マイケル・エッシェン,,,,,,,,,,,,,,,,
2006,,セスク・ファブレガス,,,,,,,,,,,,,,,,
2006,,ウィリアム・ギャラス,,,WC,2006,,,,,チェルシー,premier-league,2005-06,アーセナル,premier-league,2006-07,,
2006,,スティーヴン・ジェラード,,,,,,,,,,,,,,,,
2006,,リュドヴィク・ジュリ,,,,,,,,,,,,,,,,
2006,,ファビオ・グロッソ,,,,,,,,,パレルモ,serie-a,2005-06,インテル・ミラノ,serie-a,2006-07,,
2006,,クロード・マケレレ,,,WC,2006,,,,,,,,,,,,
2006,,フローラン・マルダ,,,WC,2006,,,France,MF,オリンピック・リヨン,ligue-1,2005-06,,,,,
2006,,エディソン・メンデス,,,,,,,Ecuador,MF,LDUキト,,2005-06,PSVアイントホーフェン,eredivisie,2006-07,,
2006,,フアン・ロマン・リケルメ,,,,,,,Argentina,MF,ビジャレアル,laliga,2005-06,,,,,
2006,,アリエン・ロッベン,,,,,,,,,,,,,,,,
2006,,ウェイン・ルーニー,,,,,,,,,,,,,,,,
2006,,ウィリー・サニョル,,,WC,2006,,,,,,,,,,,,
2006,,バスティアン・シュヴァインシュタイガー,,,WC,2006,,,,,,,,,,,,
2006,,アンドリー・シェフチェンコ,,CL 得点王,,,,,,,ACミラン,serie-a,2005-06,チェルシー,premier-league,2006-07,,
2006,,リリアン・テュラム,,,WC,2006,,,,,,,,,,,,
2006,,ティアゴ・メンデス,,,,,,,Portugal,MF,オリンピック・リヨン,ligue-1,2005-06,,,,,
2006,,フェルナンド・トーレス,,,WC,2006,,,,,,,,,,,,
2005,1,ロナウジーニョ,225,,,,,,,,,,,,,,,
2005,2,フランク・ランパード,148,,,,,,,,,,,,,,,
2005,3,スティーヴン・ジェラード,142,,,,,,,,,,,,,,,
2005,4,ティエリ・アンリ,41,プレミアリーグ 得点王,,,,,,,,,,,,,,
2005,5,アンドリー・シェフチェンコ,33,,,,,,,,,,,,,,,
2005,6,パオロ・マルディーニ,23,,,,,,,,,,,,,,,
2005,7,アドリアーノ,22,,,,,,,,,,,,,,,
2005,8,ズラタン・イブラヒモビッチ,21,,,,,,,FW,アヤックス・アムステルダム,eredivisie,2004-05,ユヴェントス,serie-a,2005-06,,
2005,9,カカ,19,,,,,,,,,,,,,,,
2005,10,サミュエル・エトー,18,ラ・リーガ 得点王,,,,,,,,,,,,,,
2005,10,ジョン・テリー,18,,,,,,,,,,,,,,,
2005,12,ジュニーニョ・ペルナンブカーノ,15,,,,,,Brazil,MF,オリンピック・リヨン,ligue-1,2004-05,,,,,
2005,13,クロード・マケレレ,8,,,,,,,,,,,,,,,
2005,14,ミヒャエル・バラック,7,,,,,,,,,,,,,,,
2005,14,ディディエ・ドログバ,7,,,,,,,,,,,,,,,
2005,14,ペトル・チェフ,7,,,,,,,,,,,,,,,
2005,14,フアン・ロマン・リケルメ,7,,,,,,Argentina,MF,ビジャレアル,laliga,2004-05,,,,,
2005,18,ジネディーヌ・ジダン,5,,,,,,,,,,,,,,,
2005,19,ジャンルイジ・ブッフォン,4,,,,,,,,,,,,,,,
2005,20,クリスティアーノ・ロナウド,3,,,,,,,,,,,,,,,
2005,20,ジェイミー・キャラガー,3,,,,,,,,,,,,,,,
2005,22,マイケル・エッシェン,2,,,,,,Ghana,MF,オリンピック・リヨン,ligue-1,2004-05,チェルシー,premier-league,2005-06,,
2005,23,ルイス・ガルシア,1,,,,,,,,,,,,,,,
2005,23,パベル・ネドベド,1,,,,,,,,,,,,,,,
2005,,デビッド・ベッカム,,,,,,,,,,,,,,,,
2005,,マウロ・カモラネージ,,,,,,,,,,,,,,,,
2005,,ファビオ・カンナヴァーロ,,,,,,,,,,,,,,,,
2005,,グレゴリー・クペ,,,,,,,France,GK,オリンピック・リヨン,ligue-1,2004-05,,,,,
2005,,クリス,,,,,,,Brazil,DF,オリンピック・リヨン,ligue-1,2004-05,,,,,
2005,,デコ,,,,,,,,,,,,,,,,
2005,,ジーダ,,,,,,,,,,,,,,,,
2005,,エメルソン,,,,,,,,,,,,,,,,
2005,,ルイス・フィーゴ,,,,,,,,,レアル・マドリード,laliga,2004-05,インテル・ミラノ,serie-a,2005-06,,
2005,,ディエゴ・フォルラン,,ラ・リーガ 得点王,,,,,,,マンチェスター・ユナイテッド,premier-league,2004-05,ビジャレアル,laliga,2005-06,,
2005,,ロイ・マカーイ,,,,,,,,,,,,,,,,
2005,,マイケル・オーウェン,,,,,,,,,レアル・マドリード,laliga,2004-05,ニューカッスル・ユナイテッド,premier-league,2005-06,,
2005,,朴智星,,,,,,,South Korea,MF,PSVアイントホーフェン,eredivisie,2004-05,マンチェスター・ユナイテッド,premier-league,2005-06,,
2005,,アンドレア・ピルロ,,,,,,,,,,,,,,,,
2005,,ラウル・ゴンサレス,,,,,,,,,,,,,,,,
2005,,アリエン・ロッベン,,,,,,,,,,,,,,,,
2005,,ロベルト・カルロス,,,,,,,,,,,,,,,,
2005,,ロビーニョ,,,,,,,Brazil,MF,サントス,,2004-05,レアル・マドリード,laliga,2005-06,,
2005,,ロナウド,,,,,,,,,,,,,,,,
2005,,ウェイン・ルーニー,,,,,,,,,,,,,,,,
2005,,リリアン・テュラム,,,,,,,,,,,,,,,,
2005,,ダヴィド・トレゼゲ,,,,,,,,,,,,,,,,
2005,,マルク・ファン・ボメル,,,,,,,Netherlands,MF,PSVアイントホーフェン,eredivisie,2004-05,バルセロナ,laliga,2005-06,,
2005,,ルート・ファン・ニステルローイ,,CL 得点王,,,,,,,,,,,,,,
2005,,パトリック・ヴィエラ,,,,,,,,,アーセナル,premier-league,2004-05,ユヴェントス,serie-a,2005-06,,
2005,,シャビ,,,,,,,,,,,,,,,,
2004,1,アンドリー・シェフチェンコ,175,セリエA 得点王,,,,,,,,,,,,,,
2004,2,デコ,139,,EURO,2004,,,Portugal,MF,FCポルト,primeira-liga,2003-04,バルセロナ,laliga,2004-05,,
2004,3,ロナウジーニョ,133,,,,,,,,,,,,,,,
2004,4,ティエリ・アンリ,80,プレミアリーグ 得点王,,,,,,,,,,,,,,
2004,5,テオドロス・ザゴラキス,44,EURO 最優秀選手,EURO,2004,,,Greece,MF,AEKアテネ,,2003-04,ボローニャ,serie-a,2004-05,,
2004,6,アドリアーノ,27,,,,,,,,,,,,,,,
2004,7,パベル・ネドベド,23,,EURO,2004,,,,,,,,,,,,
2004,8,ウェイン・ルーニー,22,,EURO,2004,,,England,FW,エヴァートン,premier-league,2003-04,マンチェスター・ユナイテッド,premier-league,2004-05,,
2004,9,リカルド・カルヴァーリョ,18,,EURO,2004,,,Portugal,DF,FCポルト,primeira-liga,2003-04,チェルシー,premier-league,2004-05,,
2004,9,ルート・ファン・ニステルローイ,18,,EURO,2004,,,,,,,,,,,,
2004,11,アンゲロス・ハリステアス,15,,EURO,2004,,,Greece,FW,ヴェルダー・ブレーメン,bundesliga,2003-04,,,,,
2004,12,クリスティアーノ・ロナウド,11,,EURO,2004,,,,,,,,,,,,
2004,12,ミラン・バロシュ,11,EURO 得点王,EURO,2004,,,,,,,,,,,,
2004,14,ズラタン・イブラヒモビッチ,8,,,,,,,,アヤックス・アムステルダム,eredivisie,2003-04,ユヴェントス,serie-a,2004-05,,
2004,15,サミュエル・エトー,7,,,,,,Cameroon / Spain,FW,RCDマジョルカ,laliga,2003-04,バルセロナ,laliga,2004-05,,
2004,15,カカ,7,,,,,,,,,,,,,,,
2004,17,トライアノス・デラス,5,,EURO,2004,,,Greece,DF,ASローマ,serie-a,2003-04,,,,,
2004,17,フェルナンド・モリエンテス,5,CL 得点王,,,,,,,ASモナコ,ligue-1,2003-04,レアル・マドリード,laliga,2004-05,,
2004,17,フランク・ランパード,5,,EURO,2004,,,,,,,,,,,,
2004,17,ディディエ・ドログバ,5,,,,,,Cote d'Ivoire / France,FW,オリンピック・マルセイユ,ligue-1,2003-04,チェルシー,premier-league,2004-05,,
2004,17,ジャンルイジ・ブッフォン,5,,,,,,,,,,,,,,,
2004,22,ルイス・フィーゴ,4,,EURO,2004,,,,,,,,,,,,
2004,23,ジネディーヌ・ジダン,3,,EURO,2004,,,,,,,,,,,,
2004,24,ルベン・バラハ,2,,,,,,Spain,MF,バレンシア,laliga,2003-04,,,,,
2004,24,リュドヴィク・ジュリ,2,,,,,,France / Algeria,FW,ASモナコ,ligue-1,2003-04,バルセロナ,laliga,2004-05,,
2004,24,マニシェ,2,,EURO,2004,,,Portugal,MF,FCポルト,primeira-liga,2003-04,,,,,
2004,24,アントニオス・ニコポリディス,2,,EURO,2004,,,Greece,GK,パナシナイコス,,,オリンピアコス,,,,
2004,28,パオロ・マルディーニ,1,,,,,,,,,,,,,,,
2004,28,ビセンテ・ロドリゲス,1,,,,,,Spain,FW,バレンシア,laliga,2003-04,,,,,
2004,,アイルトン,,,,,,,Brazil,FW,ヴェルダー・ブレーメン,bundesliga,2003-04,シャルケ04,bundesliga,2004-05,,
2004,,ロベルト・アジャラ,,,,,,,Argentina,DF,バレンシア,laliga,2003-04,,,,,
2004,,ファビアン・バルテズ,,,,,,,France,GK,オリンピック・マルセイユ,ligue-1,2003-04,,,,,
2004,,デビッド・ベッカム,,,,,,,,,,,,,,,,
2004,,ペトル・チェフ,,,EURO,2004,,,Czech Republic,GK,スタッド・レンヌ,ligue-1,2003-04,チェルシー,premier-league,2004-05,,
2004,,エメルソン,,,,,,,Brazil,MF,ASローマ,serie-a,2003-04,ユヴェントス,serie-a,2004-05,,
2004,,ジュニーニョ・ペルナンブカーノ,,,,,,,Brazil,MF,オリンピック・リヨン,ligue-1,2003-04,,,,,
2004,,ミハリス・カプシス,,,EURO,2004,,,Greece,DF,AEKアテネ,,2003-04,ボルドー,ligue-1,2004-05,,
2004,,ヘンリク・ラーション,,,EURO,2004,,,Sweden / Cape Verde,FW,セルティック,scottish-premiership,2003-04,バルセロナ,laliga,2004-05,,
2004,,ヨハン・ミクー,,,,,,,France,MF,ヴェルダー・ブレーメン,bundesliga,2003-04,,,,,
2004,,ミスタ,,,,,,,Spain,FW,バレンシア,laliga,2003-04,,,,,
2004,,アレッサンドロ・ネスタ,,,,,,,,,,,,,,,,
2004,,アンドレア・ピルロ,,,,,,,,,,,,,,,,
2004,,ホセ・アントニオ・レジェス,,,,,,,Spain,MF,バレンシア,laliga,2003-04,アーセナル,premier-league,2004-05,,
2004,,ロナウド,,ラ・リーガ 得点王,,,,,,,,,,,,,,
2004,,トマーシュ・ロシツキー,,,,,,,Czech Republic,MF,ボルシア・ドルトムント,bundesliga,2003-04,,,,,
2004,,ポール・スコールズ,,,,,,,,,,,,,,,,
2004,,クラレンス・セードルフ,,,,,,,,,,,,,,,,
2004,,ギオルカス・セイタリディス,,,EURO,2004,,,Greece,DF,パナシナイコス,,,FCポルト,primeira-liga,2004-05,,
2004,,フランチェスコ・トッティ,,,,,,,Italy,MF,ASローマ,serie-a,2003-04,,,,,
2004,,パトリック・ヴィエラ,,,,,,,,,,,,,,,,
2003,1,パベル・ネドベド,190,,,,,,,,,,,,,,,
2003,2,ティエリ・アンリ,128,,,,,,,,,,,,,,,
2003,3,パオロ・マルディーニ,123,,,,,,,,,,,,,,,
2003,4,アンドリー・シェフチェンコ,67,,,,,,,,,,,,,,,
2003,5,ジネディーヌ・ジダン,64,,,,,,,,,,,,,,,
2003,6,ルート・ファン・ニステルローイ,61,プレミアリーグ/CL 得点王,,,,,,,,,,,,,,
2003,7,ラウル・ゴンサレス,32,,,,,,,,,,,,,,,
2003,8,ロベルト・カルロス,27,,,,,,,,,,,,,,,
2003,9,ジャンルイジ・ブッフォン,19,,,,,,,,,,,,,,,
2003,10,デビッド・ベッカム,17,,,,,,,,マンチェスター・ユナイテッド,premier-league,2002-03,レアル・マドリード,laliga,2003-04,,
2003,11,ロナウド,11,,,,,,,,,,,,,,,
2003,12,ヘンリク・ラーション,6,UEFAカップ 得点王,,,,,Sweden / Cape Verde,FW,セルティック,scottish-premiership,2002-03,,,,,
2003,13,アレッサンドロ・デル・ピエロ,4,,,,,,,,,,,,,,,
2003,13,ジーダ,4,,,,,,,,,,,,,,,
2003,13,ロイ・マカーイ,4,ラ・リーガ 得点王,,,,,Netherlands,FW,デポルティボ・ラ・コルーニャ,laliga,2002-03,バイエルン・ミュンヘン,bundesliga,2003-04,,
2003,13,アレッサンドロ・ネスタ,4,,,,,,,,,,,,,,,
2003,13,デコ,4,,,,,,Portugal,MF,FCポルト,primeira-liga,2002-03,,,,,
2003,18,ニハト・カフヴェジ,3,,,,,,Turkey,FW,レアル・ソシエダ,laliga,2002-03,,,,,
2003,18,フランチェスコ・トッティ,3,,,,,,Italy,MF,ASローマ,serie-a,2002-03,,,,,
2003,20,ミヒャエル・バラック,2,,,,,,,,,,,,,,,
2003,20,ズラタン・イブラヒモビッチ,2,,,,,,,,,,,,,,,
2003,22,フィリッポ・インザーギ,1,,,,,,,,,,,,,,,
2003,22,ヤン・コレル,1,,,,,,Czech Republic,FW,ボルシア・ドルトムント,bundesliga,2002-03,,,,,
2003,22,アドリアン・ムトゥ,1,,,,,,Romania,FW,パルマ,serie-a,2002-03,チェルシー,premier-league,2003-04,,
2003,22,ロナウジーニョ,1,,,,,,Brazil,MF,パリ・サンジェルマン,ligue-1,2002-03,バルセロナ,laliga,2003-04,,
2003,22,フランチェスコ・トルド,1,,,,,,,,,,,,,,,
2003,,パブロ・アイマール,,,,,,,Argentina,MF,バレンシア,laliga,2002-03,,,,,
2003,,ソル・キャンベル,,,,,,,,,,,,,,,,
2003,,イケル・カシージャス,,,,,,,,,,,,,,,,
2003,,クリスティアン・キヴ,,,,,,,Romania,DF,アヤックス・アムステルダム,eredivisie,2002-03,ASローマ,serie-a,2003-04,,
2003,,サミュエル・エトー,,,,,,,Cameroon / Spain,FW,RCDマジョルカ,laliga,2002-03,,,,,
2003,,ルイス・フィーゴ,,,,,,,,,,,,,,,,
2003,,エウベル,,,,,,,Brazil,FW,バイエルン・ミュンヘン,bundesliga,2002-03,オリンピック・リヨン,ligue-1,2003-04,,
2003,,リュドヴィク・ジュリ,,,,,,,France / Algeria,FW,ASモナコ,ligue-1,2002-03,,,,,
2003,,オリヴァー・カーン,,,,,,,,,,,,,,,,
2003,,パトリック・クライフェルト,,,,,,,,,,,,,,,,
2003,,ダルコ・コヴァチェヴィッチ,,,,,,,Selvia,FW,レアル・ソシエダ,laliga,2002-03,,,,,
2003,,クロード・マケレレ,,,,,,,France / DR Congo,MF,レアル・マドリード,laliga,2002-03,チェルシー,premier-league,2003-04,,
2003,,マイケル・オーウェン,,,,,,,,,,,,,,,,
2003,,ペドロ・パウレタ,,,,,,,Portugal,FW,ボルドー,ligue-1,2002-03,パリ・サンジェルマン,ligue-1,2003-04,,
2003,,ロベール・ピレス,,,,,,,,,,,,,,,,
2003,,ミチェル・サルガド,,,,,,,,,,,,,,,,
2003,,ポール・スコールズ,,,,,,,,,,,,,,,,
2003,,リリアン・テュラム,,,,,,,,,,,,,,,,
2003,,ハテム・トラベルシ,,,,,,,,,,,,,,,,
2003,,ダヴィド・トレゼゲ,,,,,,,,,,,,,,,,
2003,,パトリック・ヴィエラ,,,,,,,,,,,,,,,,
2003,,クリスティアン・ヴィエリ,,セリエA 得点王,,,,,,,,,,,,,,
2003,,シルヴァン・ヴィルトール,,,,,,,,,,,,,,,,
2003,,ジャンルカ・ザンブロッタ,,,,,,,,,,,,,,,,
2002,1,ロナウド,169,WC シルバーボール/得点王,WC,2002,,,,,インテル・ミラノ,serie-a,2001-02,レアル・マドリード,laliga,2002-03,,
2002,2,ロベルト・カルロス,145,,WC,2002,,,,,,,,,,,,
2002,3,オリバー・カーン,110,WC ゴールデンボール/最優秀GK,WC,2002,,,,,,,,,,,,
2002,4,ジネディーヌ・ジダン,78,,,,,,,,,,,,,,,
2002,5,ミヒャエル・バラック,71,,WC,2002,,,,,,,,,,,,
2002,6,ティエリ・アンリ,54,プレミアリーグ 得点王,,,,,,,,,,,,,,
2002,7,ラウール,38,,WC,2002,,,,,,,,,,,,
2002,8,リバウド,31,,WC,2002,,,,,,,,,,,,
2002,9,ユルドゥライ・バシュトゥルク,13,,WC,2002,,,,,,,,,,,,
2002,10,アレッサンドロ・デル・ピエロ,12,,,,,,,,,,,,,,,
2002,11,ハサン・シャシュ,10,,WC,2002,,,,,,,,,,,,
2002,12,ロナウジーニョ,8,,WC,2002,,,,,,,,,,,,
2002,13,マイケル・オーウェン,5,,,,,,,,,,,,,,,
2002,13,ルート・ファン・ニステルローイ,5,CL 得点王,,,,,,,,,,,,,,
2002,15,ベルント・シュナイダー,4,,WC,2002,,,,,,,,,,,,
2002,15,フアン・カルロス・バレロン,4,,WC,2002,,,,,,,,,,,,
2002,15,カフー,4,,,,,,,,,,,,,,,
2002,15,パトリック・ヴィエラ,4,,,,,,,,,,,,,,,
2002,19,ルシオ,3,,WC,2002,,,,,,,,,,,,
2002,19,ルイス・フィーゴ,3,,WC,2002,,,,,,,,,,,,
2002,21,パパ・ブーバ・ディオプ,2,,WC,2002,,,,,,,,,,,,
2002,21,エル・ハジ・ディウフ,2,,WC,2002,,,,,,,,,,,,
2002,21,リオ・ファーディナンド,2,,,,,,,,,,,,,,,
2002,24,ルベン・バラハ,1,,,,,,,,,,,,,,,
2002,24,フィリッポ・インザーギ,1,,,,,,,,,,,,,,,
2002,24,ロイ・マカーイ,1,,,,,,,,,,,,,,,
2002,,パブロ・アイマール,,,,,,,,,,,,,,,,
2002,,ソニー・アンデルソン,,,,,,,,,,,,,,,,
2002,,デビッド・ベッカム,,,WC,2002,,,,,,,,,,,,
2002,,イケル・カシージャス,,,,,,,,,,,,,,,,
2002,,ジブリル・シセ,,リーグ・アン 得点王,,,,,,,,,,,,,,
2002,,エジミウソン,,,,,,,,,,,,,,,,
2002,,ライアン・ギグス,,,,,,,,,,,,,,,,
2002,,稲本潤一,,,WC,2002,,,,,,,,,,,,
2002,,ミロスラフ・クローゼ,,,WC,2002,,,,,,,,,,,,
2002,,パトリック・クライファート,,,,,,,,,,,,,,,,
2002,,ルイス・エンリケ,,,,,,,,,,,,,,,,
2002,,クロード・マケレレ,,,,,,,,,,,,,,,,
2002,,パオロ・マルディーニ,,,,,,,,,,,,,,,,
2002,,ペドロ・パウレタ,,リーグ・アン 得点王,,,,,,,,,,,,,,
2002,,トマーシュ・ロシツキー,,,,,,,,,,,,,,,,
2002,,ハビエル・サビオラ,,,,,,,,,,,,,,,,
2002,,ソル・ギヒョン,,,,,,,,,,,,,,,,
2002,,ヨン・ダール・トマソン,,,WC,2002,,,,,,,,,,,,
2002,,フランチェスコ・トッティ,,,,,,,,,,,,,,,,
2002,,ダビド・トレゼゲ,,セリエA 得点王,,,,,,,,,,,,,,
2002,,ピエール・ファン・ホーイドンク,,UEFAカップ 得点王,,,,,,,,,,,,,,
2002,,クリスティアン・ヴィエリ,,,WC,2002,,,,,,,,,,,,
2002,,マルク・ヴィルモッツ,,,WC,2002,,,,,,,,,,,,
2002,,シルヴァン・ヴィルトール,,,,,,,,,,,,,,,,
2001,1,マイケル・オーウェン,176,,,,,,,,,,,,,,,
2001,2,ラウル・ゴンサレス,140,ラ・リーガ/CL 得点王,,,,,,,,,,,,,,
2001,3,オリヴァー・カーン,114,,,,,,,,,,,,,,,
2001,4,デビッド・ベッカム,102,,,,,,,,,,,,,,,
2001,5,フランチェスコ・トッティ,57,,,,,,,,,,,,,,,
2001,6,ルイス・フィーゴ,56,,,,,,,,,,,,,,,
2001,7,リヴァウド,20,,,,,,,,,,,,,,,
2001,8,アンドリー・シェフチェンコ,18,,,,,,,,,,,,,,,
2001,9,ティエリ・アンリ,14,,,,,,,,,,,,,,,
2001,9,ジネディーヌ・ジダン,14,,,,,,,,,,,,,,,
2001,11,ビセンテ・リザラズ,10,,,,,,,,,,,,,,,
2001,12,ダヴィド・トレゼゲ,7,,,,,,,,,,,,,,,
2001,13,シュテファン・エッフェンベルク,6,,,,,,,,,,,,,,,
2001,14,ヘンリク・ラーション,4,,,,,,,,,,,,,,,
2001,14,アレッサンドロ・ネスタ,4,,,,,,,,,,,,,,,
2001,16,フアン・セバスティアン・ベロン,3,,,,,,,,,,,,,,,
2001,16,エルナン・クレスポ,3,セリエA 得点王,,,,,,,,,,,,,,
2001,18,ジョバネ・エウベル,2,,,,,,,,,,,,,,,
2001,18,ガイスカ・メンディエタ,2,,,,,,,,,,,,,,,
2001,18,ロベルト・カルロス,2,,,,,,,,,,,,,,,
2001,18,ダミアーノ・トンマージ,2,,,,,,,,,,,,,,,
2001,18,サミ・ヒーピア,2,,,,,,,,,,,,,,,
2001,18,エマニュエル・オリサデベ,2,,,,,,,,,,,,,,,
2001,18,エッベ・サンド,2,,,,,,,,,,,,,,,
2001,25,ロベルト・バッジョ,1,,,,,,,,,,,,,,,
2001,25,スティーヴン・ジェラード,1,,,,,,,,,,,,,,,
2001,25,マヌエル・ルイ・コスタ,1,,,,,,,,,,,,,,,
2001,,ファビアン・バルテズ,0,,,,,,,,,,,,,,,
2001,,ガブリエル・バティストゥータ,0,,,,,,,,,,,,,,,
2001,,ジャンルイジ・ブッフォン,0,,,,,,,,,,,,,,,
2001,,カフー,0,,,,,,,,,,,,,,,
2001,,ヴァンサン・カンデラ,0,,,,,,,,,,,,,,,
2001,,エリック・カリエール,0,,,,,,,,,,,,,,,
2001,,アレッサンドロ・デル・ピエロ,0,,,,,,,,,,,,,,,
2001,,マルセル・デサイー,0,,,,,,,,,,,,,,,
2001,,リオ・ファーディナンド,0,,,,,,,,,,,,,,,
2001,,ライアン・ギグス,0,,,,,,,,,,,,,,,
2001,,ジミー・フロイド・ハッセルバインク,0,プレミアリーグ 得点王,,,,,,,,,,,,,,
2001,,イバン・エルゲラ,0,,,,,,,,,,,,,,,
2001,,ハリー・キューウェル,0,,,,,,,,,,,,,,,
2001,,パトリック・クライフェルト,0,,,,,,,,,,,,,,,
2001,,サミュエル・クフォー,0,,,,,,,,,,,,,,,
2001,,中田英寿,0,,,,,,,,,,,,,,,
2001,,パベル・ネドベド,0,,,,,,,,,,,,,,,
2001,,ペドロ・パウレタ,0,,,,,,,,,,,,,,,
2001,,ロベール・ピレス,0,,,,,,,,,,,,,,,
2001,,ポール・スコールズ,0,,,,,,,,,,,,,,,
2001,,ソニー・アンデルソン,0,リーグ・アン 得点王,,,,,,,,,,,,,,
2001,,リリアン・テュラム,0,,,,,,,,,,,,,,,
2001,,パトリック・ヴィエラ,0,,,,,,,,,,,,,,,
2000,1,ルイス・フィーゴ,197,,EURO,2000,,,,,バルセロナ,laliga,1999-00,レアル・マドリード,laliga,2000-01,,
2000,2,ジネディーヌ・ジダン,181,EURO 最優秀選手,EURO,2000,,,,,,,,,,,,
2000,3,アンドリー・シェフチェンコ,85,セリエA 得点王,,,,,,,,,,,,,,
2000,4,ティエリ・アンリ,57,,EURO,2000,,,,,,,,,,,,
2000,5,アレッサンドロ・ネスタ,39,,EURO,2000,,,,,,,,,,,,
2000,5,リヴァウド,39,CL 得点王,,,,,,,,,,,,,,
2000,7,ガブリエル・バティストゥータ,26,,,,,,,,,,,,,,,
2000,8,ガイスカ・メンディエタ,22,,,,,,,,,,,,,,,
2000,9,ラウル・ゴンサレス,18,CL 得点王,,,,,,,,,,,,,,
2000,10,パオロ・マルディーニ,10,,EURO,2000,,,,,,,,,,,,
2000,10,デビッド・ベッカム,10,,,,,,,,,,,,,,,
2000,12,ズラトコ・ザホヴィッチ,8,,EURO,2000,,,,,,,,,,,,
2000,12,ファビアン・バルテズ,8,,EURO,2000,,,,,,,,,,,,
2000,14,フランチェスコ・トルド,7,,EURO,2000,,,,,,,,,,,,
2000,14,フランチェスコ・トッティ,7,,EURO,2000,,,,,,,,,,,,
2000,14,ロベルト・カルロス,7,,,,,,,,,,,,,,,
2000,17,パトリック・クライフェルト,6,EURO 得点王,EURO,2000,,,,,,,,,,,,
2000,18,エドガー・ダーヴィッツ,5,,EURO,2000,,,,,,,,,,,,
2000,18,ハカン・シュキュル,5,,EURO,2000,,,,,,,,,,,,
2000,18,マリオ・ジャルデル,5,,,,,,,,,,,,,,,
2000,18,フェルナンド・レドンド,5,,,,,,,,,,,,,,,
2000,22,パベル・ネドベド,4,,,,,,,,,,,,,,,
2000,22,ダヴィド・トレゼゲ,4,,EURO,2000,,,,,,,,,,,,
2000,24,マルセル・デサイー,2,,EURO,2000,,,,,,,,,,,,
2000,24,オリヴァー・カーン,2,,,,,,,,,,,,,,,
2000,24,マヌエル・ルイ・コスタ,2,,EURO,2000,,,,,,,,,,,,
2000,27,ローラン・ブラン,1,,EURO,2000,,,,,,,,,,,,
2000,27,クラウディオ・ロペス,1,,,,,,,,,,,,,,,
2000,27,ロイ・キーン,1,,,,,,,,,,,,,,,
2000,27,フアン・セバスティアン・ベロン,1,,,,,,,,,,,,,,,
2000,,ソニー・アンデルソン,0,リーグ・アン 得点王,,,,,,,,,,,,,,
2000,,ニコラ・アネルカ,0,,,,,,,,,,,,,,,
2000,,ジョスラン・アングロマ,0,,,,,,,,,,,,,,,
2000,,デニス・ベルカンプ,0,,,,,,,,,,,,,,,
2000,,エルナン・クレスポ,0,,,,,,,,,,,,,,,
2000,,ディディエ・デシャン,0,,EURO,2000,,,,,,,,,,,,
2000,,マルセロ・ガジャルド,0,,,,,,,,,,,,,,,
2000,,ジェレミ,0,,,,,,,,,,,,,,,
2000,,ライアン・ギグス,0,,,,,,,,,,,,,,,
2000,,フィリッポ・インザーギ,0,,EURO,2000,,,,,,,,,,,,
2000,,パトリック・エムボマ,0,,,,,,,,,,,,,,,
2000,,サヴォ・ミロシェヴィッチ,0,EURO 得点王,EURO,2000,,,,,,,,,,,,
2000,,ヌーノ・ゴメス,0,,EURO,2000,,,,,,,,,,,,
2000,,アルバロ・レコバ,0,,,,,,,,,,,,,,,
2000,,ポール・スコールズ,0,,,,,,,,,,,,,,,
2000,,マルコ・シモーネ,0,,,,,,,,,,,,,,,
2000,,ヤープ・スタム,0,,EURO,2000,,,,,,,,,,,,
2000,,シルヴァン・ヴィルトール,0,,EURO,2000,,,,,,,,,,,,
2000,,ボウデヴィン・ゼンデン,0,,EURO,2000,,,,,,,,,,,,
1999,1,リヴァウド,219,,,,,,,,,,,,,,,
1999,2,デビッド・ベッカム,154,,,,,,,,,,,,,,,
1999,3,アンドリー・シェフチェンコ,64,CL 得点王,,,,,,,,,,,,,,
1999,4,ガブリエル・バティストゥータ,48,,,,,,,,,,,,,,,
1999,5,ルイス・フィーゴ,38,,,,,,,,,,,,,,,
1999,6,ロイ・キーン,36,,,,,,,,,,,,,,,
1999,7,クリスティアン・ヴィエリ,33,,,,,,,,,,,,,,,
1999,8,フアン・セバスティアン・ベロン,30,,,,,,,,,,,,,,,
1999,9,ラウル・ゴンサレス,27,ラ・リーガ 得点王,,,,,,,,,,,,,,
1999,10,ローター・マテウス,16,,,,,,,,,,,,,,,
1999,11,ドワイト・ヨーク,14,プレミアリーグ/CL 得点王,,,,,,,,,,,,,,
1999,12,ヤープ・スタム,13,,,,,,,,,,,,,,,
1999,13,シニシャ・ミハイロヴィッチ,12,,,,,,,,,,,,,,,
1999,14,ズラトコ・ザホヴィッチ,9,,,,,,,,,,,,,,,
1999,15,パベル・ネドベド,8,,,,,,,,,,,,,,,
1999,16,マリオ・ジャルデル,7,,,,,,,,,,,,,,,
1999,17,ピーター・シュマイケル,6,,,,,,,,,,,,,,,
1999,18,シュテファン・エッフェンベルク,5,,,,,,,,,,,,,,,
1999,19,ジネディーヌ・ジダン,4,,,,,,,,,,,,,,,
1999,19,オリバー・ビアホフ,4,,,,,,,,,,,,,,,
1999,21,マリオ・バスラー,3,,,,,,,,,,,,,,,
1999,21,ライアン・ギグス,3,,,,,,,,,,,,,,,
1999,23,エルナン・クレスポ,2,,,,,,,,,,,,,,,
1999,23,ヌワンコ・カヌ,2,,,,,,,,,,,,,,,
1999,23,ロナウド,2,,,,,,,,,,,,,,,
1999,26,アンディ・コール,1,,,,,,,,,,,,,,,
1999,26,エドガー・ダーヴィッツ,1,,,,,,,,,,,,,,,
1999,26,ダビド・ジノラ,1,,,,,,,,,,,,,,,
1999,26,クラウディオ・ロペス,1,,,,,,,,,,,,,,,
1999,26,ロベルト・カルロス,1,,,,,,,,,,,,,,,
1999,26,マルセロ・サラス,1,,,,,,,,,,,,,,,
1999,,ファビアン・バルテズ,0,,,,,,,,,,,,,,,
1999,,デニス・ベルカンプ,0,,,,,,,,,,,,,,,
1999,,ローラン・ブラン,0,,,,,,,,,,,,,,,
1999,,ジャンルイジ・ブッフォン,0,,,,,,,,,,,,,,,
1999,,フランク・デ・ブール,0,,,,,,,,,,,,,,,
1999,,マルセル・デサイー,0,,,,,,,,,,,,,,,
1999,,ジョバネ・エウベル,0,,,,,,,,,,,,,,,
1999,,ジョゼップ・グアルディオラ,0,,,,,,,,,,,,,,,
1999,,フィリッポ・インザーギ,0,,,,,,,,,,,,,,,
1999,,パトリック・クライフェルト,0,,,,,,,,,,,,,,,
1999,,パオロ・マルディーニ,0,,,,,,,,,,,,,,,
1999,,フェルナンド・モリエンテス,0,,,,,,,,,,,,,,,
1999,,中田英寿,0,,,,,,,,,,,,,,,
1999,,エマニュエル・プティ,0,,,,,,,,,,,,,,,
1999,,グスタボ・ポジェ,0,,,,,,,,,,,,,,,
1999,,オレクサンドル・ショフコフスキー,0,,,,,,,,,,,,,,,
1999,,リリアン・テュラム,0,,,,,,,,,,,,,,,
1999,,シルヴァン・ヴィルトール,0,リーグ・アン 得点王,,,,,,,,,,,,,,
1999,,ジャンフランコ・ゾラ,0,,,,,,,,,,,,,,,
1998,1,ジネディーヌ・ジダン,244,,WC,1998,,,,,,,,,,,,
1998,2,ダヴォール・シューケル,68,WC シルバーボール/得点王,WC,1998,,,,,,,,,,,,
1998,3,ロナウド,66,WC ゴールデンボール,WC,1998,,,,,,,,,,,,
1998,4,マイケル・オーウェン,51,プレミアリーグ 得点王,WC,1998,,,,,,,,,,,,
1998,5,リヴァウド,45,,WC,1998,,,,,,,,,,,,
1998,6,ガブリエル・バティストゥータ,43,,WC,1998,,,,,,,,,,,,
1998,7,リリアン・テュラム,36,WC ブロンズボール,WC,1998,,,,,,,,,,,,
1998,8,エドガー・ダーヴィッツ,28,,WC,1998,,,,,,,,,,,,
1998,8,デニス・ベルカンプ,28,,WC,1998,,,,,,,,,,,,
1998,10,マルセル・デサイー,19,,WC,1998,,,,,,,,,,,,
1998,11,フランク・デ・ブール,17,,WC,1998,,,,,,,,,,,,
1998,12,エマニュエル・プティ,16,,WC,1998,,,,,,,,,,,,
1998,13,ロベルト・カルロス,13,,WC,1998,,,,,,,,,,,,
1998,14,ローラン・ブラン,11,,WC,1998,,,,,,,,,,,,
1998,14,ファビアン・バルテズ,11,WC 最優秀GK,WC,1998,,,,,,,,,,,,
1998,16,アレッサンドロ・デル・ピエロ,10,CL 得点王,,,,,,,,,,,,,,
1998,16,プレドラグ・ミヤトヴィッチ,10,,WC,1998,,,,,,,,,,,,
1998,18,ディディエ・デシャン,9,,WC,1998,,,,,,,,,,,,
1998,18,オリバー・ビアホフ,9,セリエA 得点王,WC,1998,,,,,,,,,,,,
1998,20,ミカエル・ラウドルップ,6,,WC,1998,,,,,,,,,,,,
1998,21,ロナルド・デ・ブール,4,,WC,1998,,,,,,,,,,,,
1998,21,ラウル・ゴンサレス,4,,,,,,,,,,,,,,,
1998,23,ブライアン・ラウドルップ,3,,WC,1998,,,,,,,,,,,,
1998,23,クラレンス・セードルフ,3,,WC,1998,,,,,,,,,,,,
1998,23,マルク・オーフェルマルス,3,,WC,1998,,,,,,,,,,,,
1998,26,クリスティアン・ヴィエリ,2,ラ・リーガ 得点王,WC,1998,,,,,,,,,,,,
1998,26,フェルナンド・イエロ,2,,,,,,,,,,,,,,,
1998,28,デビッド・ベッカム,1,,WC,1998,,,,,,,,,,,,
1998,28,ルイス・エンリケ,1,,,,,,,,,,,,,,,
1998,28,ビセンテ・リザラズ,1,,WC,1998,,,,,,,,,,,,
1998,28,ニコス・マフラス,1,,,,,,,,,,,,,,,
1998,,トニー・アダムス,0,,,,,,,,,,,,,,,
1998,,ロベルト・バッジョ,0,,,,,,,,,,,,,,,
1998,,ズボニミール・ボバン,0,,WC,1998,,,,,,,,,,,,
1998,,ファビオ・カンナヴァーロ,0,,,,,,,,,,,,,,,
1998,,デニウソン,0,,WC,1998,,,,,,,,,,,,
1998,,トーレ・アンドレ・フロー,0,,WC,1998,,,,,,,,,,,,
1998,,アドリアン・イリエ,0,,,,,,,,,,,,,,,
1998,,フィリッポ・インザーギ,0,,,,,,,,,,,,,,,
1998,,ロベルト・ヤルニ,0,,WC,1998,,,,,,,,,,,,
1998,,中田英寿,0,,WC,1998,,,,,,,,,,,,
1998,,パベル・ネドベド,0,,,,,,,,,,,,,,,
1998,,サンデー・オリセー,0,,WC,1998,,,,,,,,,,,,
1998,,アリエル・オルテガ,0,,WC,1998,,,,,,,,,,,,
1998,,ジャンルカ・パリュウカ,0,,WC,1998,,,,,,,,,,,,
1998,,マルセロ・サラス,0,,WC,1998,,,,,,,,,,,,
1998,,デビッド・シーマン,0,,WC,1998,,,,,,,,,,,,
1998,,アンドリー・シェフチェンコ,0,,,,,,,,,,,,,,,
1998,,フアン・セバスティアン・ベロン,0,,WC,1998,,,,,,,,,,,,
1998,,イバン・サモラーノ,0,,WC,1998,,,,,,,,,,,,
,,,,,,,,,,,,,,,,,,
