club_key,decade,player1,player2,player3,player4,player5,
lyon,1990,,,,,,
lyon,2000,グレゴリー・クーペ ,シドニー・ゴブ ,ジュニーニョ・ペルナンブカーノ,,,
lyon,2010,アレクサンドル・ラカゼット,ナビル・フェキル,メンフィス・デパイ,,,
lyon,2020,マクサンス・カクレ,ラヤン・シェルキ ,,,,
lille,1990,,,,,,
lille,2000,グレゴリー・タフォロー,ジャン・マクーン,ヨアン・キャバイェ,,,
lille,2010,リオ・マヴュバ,エデン・アザール,ニコラ・ペペ,,,
lille,2020,ジョゼ・フォンテ,バンジャマン・アンドレ,ジョナサン・デイビッド,,,
real-madrid,1990,マヌエル・サンチス,ミチェル,フェルナンド・イエロ,フェルナンド・レドンド,プレドラグ・ミヤトヴィッチ,
real-madrid,2000,ラウール・ゴンサレス,ロベルト・カルロス,ルイス・フィーゴ,ジネディーヌ・ジダン,ロナウド,
real-madrid,2010,イケル・カシージャス,クリスティアーノ・ロナウド,セルヒオ・ラモス,マルセロ,ルカ・モドリッチ,
real-madrid,2020,カリム・ベンゼマ,トニ・クロース,ティボー・クルトワ,ヴィニシウス・ジュニオール,ジュード・ベリンガム,
barcelona,1990,ロナルド・クーマン,フリスト・ストイチコフ,ジョゼップ・グアルディオラ,ルイス・フィーゴ,リバウド,
barcelona,2000,ルイス・エンリケ,カルレス・プジョル,ロナウジーニョ,サミュエル・エトー,デコ,
barcelona,2010,シャビ,リオネル・メッシ,アンドレス・イニエスタ,セルヒオ・ブスケツ,ルイス・スアレス,
barcelona,2020,ペドリ,ロベルト・レヴァンドフスキ,ラフィーニャ,ラミン・ヤマル,,
atletico-madrid,1990,アベル・レシーノ,キコ,ディエゴ・シメオネ,,,
atletico-madrid,2000,フェルナンド・トーレス,セルヒオ・アグエロ,ディエゴ・フォルラン,,,
atletico-madrid,2010,ガビ,ディエゴ・ゴディン,アントワーヌ・グリーズマン,,,
atletico-madrid,2020,コケ,ヤン・オブラク,ルイス・スアレス,,,
real-sociedad,1990,,,,,,
real-sociedad,2000,ハビエル・デ・ペドロ,シャビ・アロンソ,ニハト・カフヴェジ,,,
real-sociedad,2010,シャビ・プリエト,アントワーヌ・グリーズマン,カルロス・ベラ,,,
real-sociedad,2020,ミケル・オヤルサバル,マルティン・スビメンディ,久保建英,,,
juventus,1990,ロベルト・バッジョ,ジャンルカ・ヴィアッリ,チーロ・フェラーラ,ディディエ・デシャン,ジネディーヌ・ジダン,
juventus,2000,アレッサンドロ・デル・ピエロ,エドガー・ダーヴィッツ,パベル・ネドヴェド,ダヴィド・トレゼゲ,マウロ・カモラネージ,
juventus,2010,ジャンルイジ・ブッフォン,アンドレア・ピルロ,ジョルジョ・キエッリーニ,クラウディオ・マルキージオ,パウロ・ディバラ,
juventus,2020,フェデリコ・キエーザ,ドゥシャン・ヴラホヴィッチ,,,,
milan,1990,フランコ・バレージ,アレッサンドロ・コスタクルタ,デヤン・サヴィチェヴィッチ,ズボニミール・ボバン,ジョージ・ウェア,
milan,2000,パオロ・マルディーニ,アンドリー・シェフチェンコ,クラレンス・セードルフ,アンドレア・ピルロ,カカ,
milan,2010,ズラタン・イブラヒモヴィッチ,チアゴ・シウバ,リッカルド・モントリーヴォ,本田圭佑,ジャンルイジ・ドンナルンマ,
milan,2020,テオ・エルナンデス,ラファエル・レオン,マイク・メニャン,,,
inter,1990,ジュゼッペ・ベルゴミ,ローター・マテウス,ワルテル・ゼンガ,ユーリ・ジョルカエフ,ロナウド,
inter,2000,ハビエル・サネッティ,クリスティアン・ヴィエリ,エステバン・カンビアッソ,デヤン・スタンコヴィッチ,ズラタン・イブラヒモヴィッチ,
inter,2010,ディエゴ・ミリート,ヴェスレイ・スナイデル,サミュエル・エトー,長友佑都,マウロ・イカルディ,
inter,2020,マルセロ・ブロゾヴィッチ,ラウタロ・マルティネス,ニコロ・バレッラ,アレッサンドロ・バストーニ,ハカン・チャルハノール,
roma,1990,ジュゼッペ・ジャンニーニ,アウダイール,,,,
roma,2000,フランチェスコ・トッティ,ガブリエル・バティストゥータ,中田英寿,カフー,ヴィンチェンツォ・モンテッラ,
roma,2010,ダニエレ・デ・ロッシ,ミラレム・ピャニッチ,ラジャ・ナインゴラン,モハメド・サラー,エディン・ジェコ,
roma,2020,ロレンツォ・ペッレグリーニ,パウロ・ディバラ,,,,
paris-saint-germain,1990,ダヴィド・ジノラ,ジョージ・ウェア,ライー,ベルナール・ラマ,,
paris-saint-germain,2000,ロナウジーニョ,ペドロ・パウレタ,リュドヴィク・ジュリ,,,
paris-saint-germain,2010,ズラタン・イブラヒモヴィッチ,チアゴ・シウバ,エディンソン・カバーニ,ネイマール,キリアン・エムバペ,
paris-saint-germain,2020,マルキーニョス,アクラフ・ハキミ,ヴィティーニャ,ウスマン・デンベレ,フビチャ・クヴァラツヘリア,
monaco,1990,エマニュエル・プティ,ユーリ・ジョルカエフ,ファビアン・バルテズ,ティエリ・アンリ,ダヴィド・トレゼゲ,
monaco,2000,シャバニ・ノンダ,リュドヴィク・ジュリ,フェルナンド・モリエンテス,パトリス・エヴラ,,
monaco,2010,ラダメル・ファルカオ,ジョアン・モウティーニョ,ベルナルド・シウバ,ファビーニョ,キリアン・エムバペ,
monaco,2020,ウィサム・ベン・イェデル,アレクサンドル・ゴロヴィン,南野拓実,,,
marseille,1990,ジャン＝ピエール・パパン,クリス・ワドル,アベディ・ペレ,バジール・ボリ,ファビアン・バルテズ,
marseille,2000,ディディエ・ドログバ,フランク・リベリー,サミル・ナスリ,ママドゥ・ニアン,,
marseille,2010,スティーヴ・マンダンダ,マテュー・ヴァルブエナ,アンドレ＝ピエール・ジニャック,酒井宏樹,ディミトリ・パイェ,
marseille,2020,ピエール＝エメリク・オーバメヤン,レオナルド・バレルディ,メイソン・グリーンウッド,,,
celtic,1990,,,,,,
celtic,2000,ヘンリク・ラーション,クリス・サットン,スティリアン・ペトロフ,中村俊輔,,
celtic,2010,スコット・ブラウン,ジェームズ・フォレスト,ムサ・デンベレ,キーラン・ティアニー,,
celtic,2020,カラム・マグレガー,古橋亨梧,前田大然,旗手怜央,,
porto,1990,ヴィトール・バイーア,ジョルジュ・コスタ,マリオ・ジャルデウ,,,
porto,2000,デコ,リカルド・カルヴァーリョ,マニシェ,リサンドロ・ロペス,,
porto,2010,フッキ,ラダメル・ファルカオ,ジョアン・モウティーニョ,ジャクソン・マルティネス,,
porto,2020,ペペ,オタヴィオ,メフディ・タレミ,ディオゴ・コスタ,,
benfica,1990,ルイ・コスタ,ジョアン・ピント,モゼール,,,
benfica,2000,シモン・サブローザ,ヌーノ・ゴメス,ルイゾン,,,
benfica,2010,オスカル・カルドソ,ニコラス・ガイタン,ジョナス,,,
benfica,2020,ラファ・シウバ,アレハンドロ・グリマルド,ニコラス・オタメンディ,,,
sporting,1990,ルイス・フィーゴ,クラシミール・バラコフ,ペドロ・バルボーザ,,,
sporting,2000,マリオ・ジャルデウ,リカルド・サ・ピント,リエジソン,ジョアン・モウティーニョ,,
sporting,2010,ルイ・パトリシオ,ウィリアム・カルヴァーリョ,ブルーノ・フェルナンデス,,,
sporting,2020,セバスティアン・コアテス,ペドロ・ゴンサウヴェス,守田英正,ヴィクトル・ギェケレシュ,,
bayern-munich,1990,ローター・マテウス,メーメット・ショル,ユルゲン・クリンスマン,ジョバネ・エウベル,,
bayern-munich,2000,オリバー・カーン,シュテファン・エッフェンベルク,ミヒャエル・バラック,フィリップ・ラーム,バスティアン・シュヴァインシュタイガー,
bayern-munich,2010,フランク・リベリー,アリエン・ロッベン,トーマス・ミュラー,マヌエル・ノイアー,ロベルト・レヴァンドフスキ,
bayern-munich,2020,ヨシュア・キミッヒ,ジャマル・ムシアラ,ハリー・ケイン,,,
borussia-dortmund,1990,ミヒャエル・ツォルク,マティアス・ザマー,アンドレアス・メラー,カール＝ハインツ・リードレ,,
borussia-dortmund,2000,ラース・リッケン,トマーシュ・ロシツキー,ヤン・コレル,セバスティアン・ケール,,
borussia-dortmund,2010,ロベルト・レヴァンドフスキ,香川真司,マッツ・フンメルス,マルコ・ロイス,ピエール＝エメリク・オーバメヤン,
borussia-dortmund,2020,ジュード・ベリンガム,アーリング・ハーランド,グレゴール・コベル,ユリアン・ブラント,,
bayer-leverkusen,1990,ウルフ・キルステン,ベルント・シュスター,イェンス・ノヴォトニー,,,
bayer-leverkusen,2000,ミヒャエル・バラック,ルシオ,ベルント・シュナイダー,ディミタール・ベルバトフ,シュテファン・キースリンク,
bayer-leverkusen,2010,ラース・ベンダー,ベルント・レノ,ソン・フンミン,カイ・ハフェルツ,,
bayer-leverkusen,2020,ヨナタン・ター,ジェレミー・フリンポン,グラニト・ジャカ,アレハンドロ・グリマルド,フロリアン・ヴィルツ,
eintracht-frankfurt,1990,ウーヴェ・バイン,アンソニー・イエボア,ジェイ＝ジェイ・オコチャ,,,
eintracht-frankfurt,2000,アレクサンダー・マイヤー,イオアニス・アマナティディス,,,,
eintracht-frankfurt,2010,長谷部誠,アンテ・レビッチ,ルカ・ヨヴィッチ,セバスティアン・アレ,,
eintracht-frankfurt,2020,鎌田大地,フィリップ・コスティッチ,ケヴィン・トラップ,オマル・マーモウシュ,堂安律,
manchester-united,1990,エリック・カントナ,ピーター・シュマイケル,ライアン・ギグス,ロイ・キーン,デイヴィッド・ベッカム,
manchester-united,2000,ポール・スコールズ,リオ・ファーディナンド,ルート・ファン・ニステルローイ,ウェイン・ルーニー,クリスティアーノ・ロナウド,
manchester-united,2010,ロビン・ファン・ペルシ,マイケル・キャリック,ダビド・デ・ヘア,フアン・マタ,ポール・ポグバ,
manchester-united,2020,ブルーノ・フェルナンデス,マーカス・ラッシュフォード,ハリー・マグワイア,,,
liverpool,1990,イアン・ラッシュ,ジョン・バーンズ,ロビー・ファウラー,スティーヴ・マクマナマン,ジェイミー・キャラガー,
liverpool,2000,サミ・ヒーピア,マイケル・オーウェン,スティーヴン・ジェラード,シャビ・アロンソ,フェルナンド・トーレス,
liverpool,2010,ルイス・スアレス,ジョーダン・ヘンダーソン,フィリペ・コウチーニョ,サディオ・マネ,フィルジル・ファン・ダイク,
liverpool,2020,アリソン・ベッカー,トレント・アレクサンダー＝アーノルド,アンドリュー・ロバートソン,モハメド・サラー,,
arsenal,1990,トニー・アダムス,デニス・ベルカンプ,イアン・ライト,パトリック・ヴィエラ,マルク・オーフェルマルス,
arsenal,2000,ティエリ・アンリ,ロベール・ピレス,ソル・キャンベル,フレドリック・ユングベリ,セスク・ファブレガス,
arsenal,2010,ロビン・ファン・ペルシ,サンティ・カソルラ,メスト・エジル,アレクシス・サンチェス,アーロン・ラムジー,
arsenal,2020,ブカヨ・サカ,マルティン・ウーデゴール,デクラン・ライス,ウィリアン・サリバ,,
chelsea,1990,デニス・ワイズ,ジャンフランコ・ゾラ,ダン・ペトレスク,ロベルト・ディ・マッテオ,マルセル・デサイー,
chelsea,2000,ジョン・テリー,フランク・ランパード,ディディエ・ドログバ,ペトル・チェフ,クロード・マケレレ,
chelsea,2010,アシュリー・コール,ブラニスラヴ・イヴァノヴィッチ,エデン・アザール,セサル・アスピリクエタ,エンゴロ・カンテ,
chelsea,2020,チアゴ・シウバ,メイソン・マウント,コール・パーマー,,,
manchester-city,1990,ナイアル・クイン,ゲオルギ・キンクラーゼ,,,,
manchester-city,2000,ショーン・ライト＝フィリップス,リチャード・ダン,ロビーニョ,カルロス・テベス,,
manchester-city,2010,ヴァンサン・コンパニ,ダビド・シルバ,セルヒオ・アグエロ,ヤヤ・トゥーレ,ケヴィン・デ・ブライネ,
manchester-city,2020,イルカイ・ギュンドアン,ベルナルド・シウバ,ルベン・ディアス,ロドリ,アーリング・ハーランド,
tottenham-hotspur,1990,ガリー・リネカー,ポール・ガスコイン,テディ・シェリンガム,ダレン・アンダートン,ソル・キャンベル,
tottenham-hotspur,2000,ロビー・キーン,ジャーメイン・デフォー,レドリー・キング,アーロン・レノン,ディミタール・ベルバトフ,
tottenham-hotspur,2010,ガレス・ベイル,ウーゴ・ロリス,クリスティアン・エリクセン,ハリー・ケイン,ソン・フンミン,
tottenham-hotspur,2020,クリスティアン・ロメロ,デヤン・クルゼフスキ,,,,
newcastle-united,1990,ピーター・ベアズリー,アンディ・コール,ダビド・ジノラ,レス・ファーディナンド,アラン・シアラー,
newcastle-united,2000,ギャリー・スピード,ノルベルト・ソラーノ,シェイ・ギヴン,ローラン・ロベール,キーロン・ダイアー,
newcastle-united,2010,ファブリシオ・コロッチーニ,ヨアン・キャバイェ,パピス・シセ,,,
newcastle-united,2020,キーラン・トリッピアー,ブルーノ・ギマランイス,ジョエリントン,アレクサンデル・イサク,アンソニー・ゴードン,
aston-villa,1990,ポール・マグラー,ドワイト・ヨーク,マーク・ボスニッチ,ガレス・サウスゲート,,
aston-villa,2000,ガレス・バリー,オロフ・メルベリ,フアン・パブロ・アンヘル,アシュリー・ヤング,,
aston-villa,2010,ガブリエル・アグボンラホール,クリスティアン・ベンテケ,ジャック・グリーリッシュ,,,
aston-villa,2020,エミリアーノ・マルティネス,ジョン・マッギン,オリー・ワトキンス,,,
leicester-city,1990,エミール・ヘスキー,ムジー・イゼット,,,,
leicester-city,2000,,,,,,
leicester-city,2010,ジェイミー・ヴァーディ,カスパー・シュマイケル,リヤド・マフレズ,エンゴロ・カンテ,岡崎慎司,
leicester-city,2020,ユーリ・ティーレマンス,ジェームズ・マディソン,,,,
leeds-united,1990,ゴードン・ストラカン,ギャリー・スピード,ガリー・マカリスター,トニー・イェボア,ハリー・キューウェル,
leeds-united,2000,リオ・ファーディナンド,マーク・ヴィドゥカ,リー・ボウヤー,アラン・スミス,イアン・ハート,
leeds-united,2010,,,,,,
leeds-united,2020,カルヴィン・フィリップス,パトリック・バンフォード,ハフィーニャ,,,
valencia,1990,フェルナンド・ゴメス,サンティアゴ・カニサレス,クラウディオ・ロペス,ガイスカ・メンディエタ,,
valencia,2000,ロベルト・アジャラ,ダビド・アルベルダ,パブロ・アイマール,ダビド・ビジャ,ダビド・シルバ,
valencia,2010,ダニ・パレホ,ジョルディ・アルバ,ロベルト・ソルダード,ロドリゴ・モレノ,,
valencia,2020,ホセ・ガヤ,ウーゴ・ドゥロ,,,,
sevilla,1990,,,,,,
sevilla,2000,ヘスス・ナバス,フレデリック・カヌーテ,ルイス・ファビアーノ,ダニエウ・アウヴェス,アンドレス・パロップ,
sevilla,2010,イヴァン・ラキティッチ,エベル・バネガ,カルロス・バッカ,ケヴィン・ガメイロ,,
sevilla,2020,ユセフ・エン＝ネシリ,ルーカス・オカンポス,,,,
ajax,1990,ダニー・ブリント,フランク・デ・ブール,ヤリ・リトマネン,エドウィン・ファン・デル・サール,エドガー・ダーヴィッツ,
ajax,2000,クリスティアン・キヴ,ラファエル・ファン・デル・ファールト,ズラタン・イブラヒモヴィッチ,ヴェスレイ・スナイデル,ルイス・スアレス,
ajax,2010,ヤン・フェルトンゲン,クリスティアン・エリクセン,マタイス・デ・リフト,フレンキー・デ・ヨング,ドゥシャン・タディッチ,
ajax,2020,ダヴィ・クラーセン,アントニー,,,,
psv,1990,ロマーリオ,ロナウド,リュク・ニリス,フィリップ・コクー,ヤープ・スタム,
psv,2000,マルク・ファン・ボメル,ルート・ファン・ニステルローイ,朴智星,アレックス,エウレリョ・ゴメス,
psv,2010,ルーク・デ・ヨング,メンフィス・デパイ,アンドレス・グアルダード,イェルーン・ズート,,
psv,2020,コーディ・ガクポ,ジョーイ・フェールマン,,,,
feyenoord,1990,エト・デ・フーイ,ヘンク・フレイザー,ヨン・デ・ヴォルフ,ジョヴァンニ・ファン・ブロンクホルスト,,
feyenoord,2000,ピエール・ファン・ホーイドンク,小野伸二,トマシュ・ルジェサ,,,
feyenoord,2010,ヨルディ・クラーシ,グラツィアーノ・ペッレ,ディルク・カイト,ニコライ・ヨルゲンセン,,
feyenoord,2020,オルクン・コクチュ,ルチャレル・ヘールトライダ,ダヴィド・ハンコ,サンティアゴ・ヒメネス,上田綺世,
lazio,1990,ジュゼッペ・シニョーリ,アレッサンドロ・ネスタ,パベル・ネドヴェド,シニシャ・ミハイロヴィッチ,フアン・セバスティアン・ベロン,
lazio,2000,デヤン・スタンコヴィッチ,ステファノ・フィオーレ,アンジェロ・ペルッツィ,トンマーゾ・ロッキ,,
lazio,2010,ステファノ・ラドゥ,セナド・ルリッチ,ルーカス・ビリア,チーロ・インモービレ,セルゲイ・ミリンコヴィッチ＝サヴィッチ,
lazio,2020,ルイス・アルベルト,マッティア・ザッカーニ,イヴァン・プロヴェデル,,,
fiorentina,1990,ガブリエル・バティストゥータ,ルイ・コスタ,フランチェスコ・トルド,ステファン・シュヴァルツ,,
fiorentina,2000,ルカ・トーニ,アドリアン・ムトゥ,セバスティアン・フレイ,リッカルド・モントリーヴォ,,
fiorentina,2010,ボルハ・バレロ,ゴンサロ・ロドリゲス,フェデリコ・キエーザ,,,
fiorentina,2020,クリスティアーノ・ビラーギ,ジャコモ・ボナヴェントゥーラ,ニコラス・ゴンサレス,,,
parma,1990,ジャンルイジ・ブッフォン,リリアン・テュラム,ファビオ・カンナヴァーロ,ディノ・バッジョ,エルナン・クレスポ,
parma,2000,アドリアーノ,アルベルト・ジラルディーノ,セバスティアン・フレイ,,,
parma,2010,アントニオ・カッサーノ,,,,,
parma,2020,鈴木彩艶,,,,,
napoli,1990,ディエゴ・マラドーナ,カレカ,チーロ・フェラーラ,,,
napoli,2000,,,,,,
napoli,2010,マレク・ハムシク,エディンソン・カバーニ,ドリース・メルテンス,ロレンツォ・インシーニェ,カリドゥ・クリバリ,
napoli,2020,ジョバンニ・ディ・ロレンツォ,スタニスラフ・ロボツカ,キム・ミンジェ,ヴィクター・オシムヘン,フビチャ・クヴァラツヘリア,
atalanta,1990,,,,,,
atalanta,2000,クリスティアーノ・ドニ,,,,,
atalanta,2010,アレハンドロ・ゴメス,ヨシップ・イリチッチ,ドゥバン・サパタ,ラファエウ・トロイ,,
atalanta,2020,マルテン・デ・ローン,テーン・コープマイネルス,アデモラ・ルックマン,ジョルジョ・スカルヴィーニ,,
real-betis,1990,ロベルト・リオス,フィニディ・ジョージ,,,,
real-betis,2000,ホアキン・サンチェス,デニウソン,マルコス・アスンソン,リカルド・オリヴェイラ,,
real-betis,2010,ルベン・カストロ,アンドレス・グアルダード,,,,
real-betis,2020,セルヒオ・カナレス,ナビル・フェキル,イスコ,アントニー,,
