season,league_key,club_key,rank_ja,coach_ja,comment_ja,cup1,cup1_rank,cup2,cup2_rank,uefa_cup,uefa_cup_rank,note,update_date
1992-93,premier-league,arsenal,10位,ジョージ・グラハム,,FAカップ,🥇優勝,EFLカップ,🥇優勝,,,,2026-05-25
1993-94,premier-league,arsenal,4位,ジョージ・グラハム,,FAカップ,4回戦敗退,EFLカップ,4回戦敗退,,,,2026-05-25
1994-95,premier-league,arsenal,12位,スチュワート・ヒューストン ⇐ ジョージ・グラハム,,FAカップ,3回戦敗退,EFLカップ,準々決勝敗退,,,,2026-05-25
1995-96,premier-league,arsenal,5位,ブルース・リオッホ ⇐ スチュワート・ヒューストン,,FAカップ,3回戦敗退,EFLカップ,準決勝敗退,,,,2026-05-25
1996-97,premier-league,arsenal,3位,アーセン・ベンゲル ⇐ パット・ライス ⇐ スチュワート・ヒューストン,,FAカップ,4回戦敗退,EFLカップ,4回戦敗退,UEFAカップ,1回戦敗退,,2026-05-25
1997-98,premier-league,arsenal,優勝,アーセン・ベンゲル,,FAカップ,🥇優勝,EFLカップ,準決勝敗退,UEFAカップ,1回戦敗退,,2026-05-25
1998-99,premier-league,arsenal,2位,アーセン・ベンゲル,,FAカップ,準々決勝敗退,EFLカップ,4回戦敗退,CL,GL敗退,,2026-05-25
1999-00,premier-league,arsenal,2位,アーセン・ベンゲル,,FAカップ,4回戦敗退,EFLカップ,4回戦敗退,CL,GL敗退,,2026-05-25
2000-01,premier-league,arsenal,2位,アーセン・ベンゲル,,FAカップ,準優勝,EFLカップ,3回戦敗退,CL,準々決勝敗退,,2026-05-25
2001-02,premier-league,arsenal,優勝,アーセン・ベンゲル,,FAカップ,🥇優勝,EFLカップ,準々決勝敗退,CL,2次GL敗退,,2026-05-25
2002-03,premier-league,arsenal,2位,アーセン・ベンゲル,,FAカップ,🥇優勝,EFLカップ,3回戦敗退,CL,2次GL敗退,,2026-05-25
2003-04,premier-league,arsenal,優勝,アーセン・ベンゲル,,FAカップ,準決勝敗退,EFLカップ,準決勝敗退,CL,準々決勝敗退,,2026-05-25
2004-05,premier-league,arsenal,2位,アーセン・ベンゲル,,FAカップ,🥇優勝,EFLカップ,準々決勝敗退,CL,ベスト16,,2026-05-25
2005-06,premier-league,arsenal,4位,アーセン・ベンゲル,,FAカップ,4回戦敗退,EFLカップ,準決勝敗退,CL,🥈準優勝,,2026-05-25
2006-07,premier-league,arsenal,4位,アーセン・ベンゲル,,FAカップ,5回戦敗退,EFLカップ,🥈準優勝,CL,ベスト16,,2026-05-25
2007-08,premier-league,arsenal,3位,アーセン・ベンゲル,,FAカップ,5回戦敗退,EFLカップ,準決勝敗退,CL,準々決勝敗退,,2026-05-25
2008-09,premier-league,arsenal,4位,アーセン・ベンゲル,,FAカップ,準決勝敗退,EFLカップ,準々決勝敗退,CL,準決勝敗退,,2026-05-25
2009-10,premier-league,arsenal,3位,アーセン・ベンゲル,,FAカップ,4回戦敗退,EFLカップ,準々決勝敗退,CL,準々決勝敗退,,2026-05-25
2010-11,premier-league,arsenal,4位,アーセン・ベンゲル,,FAカップ,準々決勝敗退,EFLカップ,🥈準優勝,CL,ベスト16,,2026-05-25
2011-12,premier-league,arsenal,3位,アーセン・ベンゲル,,FAカップ,5回戦敗退,EFLカップ,準々決勝敗退,CL,ベスト16,,2026-05-25
2012-13,premier-league,arsenal,4位,アーセン・ベンゲル,,FAカップ,5回戦敗退,EFLカップ,準々決勝敗退,CL,ベスト16,,2026-05-25
2013-14,premier-league,arsenal,4位,アーセン・ベンゲル,,FAカップ,🥇優勝,EFLカップ,4回戦敗退,CL,ベスト16,,2026-05-25
2014-15,premier-league,arsenal,3位,アーセン・ベンゲル,,FAカップ,🥇優勝,EFLカップ,3回戦敗退,CL,ベスト16,,2026-05-25
2015-16,premier-league,arsenal,2位,アーセン・ベンゲル,,FAカップ,準々決勝敗退,EFLカップ,3回戦敗退,CL,ベスト16,,2026-05-25
2016-17,premier-league,arsenal,5位,アーセン・ベンゲル,苦戦は続く - 衰退の始まり,FAカップ,🥇優勝,EFLカップ,準々決勝敗退,CL,ベスト16,,2026-05-25
2017-18,premier-league,arsenal,6位,アーセン・ベンゲル,一時代の終わり - ヴェンゲル勇退,FAカップ,3回戦敗退,EFLカップ,🥈準優勝,EL,準決勝敗退,,2026-05-25
2018-19,premier-league,arsenal,5位,ウナイ・エメリ,エメリ短期政権、成就せず,FAカップ,4回戦敗退,EFLカップ,準々決勝敗退,EL,🥈準優勝,,2026-05-25
2019-20,premier-league,arsenal,8位,ミケル・アルテタ ⇐ (暫定)フレドリック・ユングベリ,アルテタ就任、新たな挑戦の始まり,FAカップ,🥇優勝,EFLカップ,4回戦敗退,EL,ベスト32,,2026-05-25
2020-21,premier-league,arsenal,8位,ミケル・アルテタ,DF再建 - マガリャンイス定着,FAカップ,4回戦敗退,EFLカップ,準々決勝敗退,EL,準決勝敗退,,2026-05-25
2021-22,premier-league,arsenal,5位,ミケル・アルテタ,富安フル稼働 - 若手守備陣躍動,FAカップ,3回戦敗退,EFLカップ,準決勝敗退,,,,2026-05-25
2022-23,premier-league,arsenal,2位,ミケル・アルテタ,首位快走 - 失意の終盤失速,FAカップ,4回戦敗退,EFLカップ,3回戦敗退,EL,ベスト16,,2026-05-25
2023-24,premier-league,arsenal,2位,ミケル・アルテタ,ライス獲得 - スター軍団成熟へ,FAカップ,3回戦敗退,EFLカップ,4回戦敗退,CL,ベスト8,,2026-05-25
2024-25,premier-league,arsenal,2位,ミケル・アルテタ,3季連続2位 - 遠い栄光,FAカップ,3回戦敗退,EFLカップ,準決勝敗退,CL,ベスト4,,2026-05-25
2025-26,premier-league,arsenal,優勝,ミケル・アルテタ,悲願成就 - アルテタ政権初優勝,FAカップ,準々決勝敗退,EFLカップ,🥈準優勝,CL,🥈準優勝,,2026-05-25
2026-27,premier-league,arsenal,開幕,ミケル・アルテタ,,,,,,CL,,,2026-07-22
1992-93,premier-league,liverpool,6位,グレアム・スーネス,,FAカップ,3回戦,EFLカップ,4回戦,,,,2026-05-25
1993-94,premier-league,liverpool,8位,ロイ・エヴァンス ⇐ グレアム・スーネス,,FAカップ,3回戦,EFLカップ,4回戦,,,,2026-05-25
1994-95,premier-league,liverpool,4位,ロイ・エヴァンス,,FAカップ,準々決勝,EFLカップ,🥇優勝,,,,2026-05-25
1995-96,premier-league,liverpool,3位,ロイ・エヴァンス,,FAカップ,🥈準優勝,EFLカップ,4回戦,UEFAカップ,2回戦,,2026-05-25
1996-97,premier-league,liverpool,4位,ロイ・エヴァンス,,FAカップ,4回戦,EFLカップ,準々決勝,,,,2026-05-25
1997-98,premier-league,liverpool,3位,ロイ・エヴァンス,,FAカップ,3回戦,EFLカップ,準決勝,UEFAカップ,2回戦,,2026-05-25
1998-99,premier-league,liverpool,7位,ジェラール・ウリエ ⇐ ロイ・エヴァンス,,FAカップ,4回戦,EFLカップ,4回戦,UEFAカップ,3回戦,,2026-05-25
1999-00,premier-league,liverpool,4位,ジェラール・ウリエ,,FAカップ,4回戦,EFLカップ,3回戦,,,,2026-05-25
2000-01,premier-league,liverpool,3位,ジェラール・ウリエ,,FAカップ,🥇優勝,EFLカップ,🥇優勝,UEFAカップ,🥇優勝,,2026-05-25
2001-02,premier-league,liverpool,2位,ジェラール・ウリエ ⇐（療養中代行)フィル・トンプソン,,FAカップ,4回戦,EFLカップ,3回戦,CL,ベスト8,,2026-05-25
2002-03,premier-league,liverpool,5位,ジェラール・ウリエ,,FAカップ,4回戦,EFLカップ,🥇優勝,EL,ベスト8（⇐CLGS）,,2026-05-25
2003-04,premier-league,liverpool,4位,ジェラール・ウリエ,,FAカップ,5回戦,EFLカップ,4回戦,UEFAカップ,4回戦,,2026-05-25
2004-05,premier-league,liverpool,5位,ラファエル・ベニテス,,FAカップ,3回戦,EFLカップ,🥈準優勝,CL,🥇優勝,,2026-05-25
2005-06,premier-league,liverpool,3位,ラファエル・ベニテス,,FAカップ,🥇優勝,EFLカップ,3回戦,CL,ベスト16,,2026-05-25
2006-07,premier-league,liverpool,3位,ラファエル・ベニテス,,FAカップ,3回戦,EFLカップ,準々決勝,CL,🥈準優勝,,2026-05-25
2007-08,premier-league,liverpool,4位,ラファエル・ベニテス,,FAカップ,5回戦,EFLカップ,準々決勝,CL,ベスト4,,2026-05-25
2008-09,premier-league,liverpool,2位,ラファエル・ベニテス,,FAカップ,4回戦,EFLカップ,4回戦,CL,ベスト8,,2026-05-25
2009-10,premier-league,liverpool,7位,ラファエル・ベニテス,,FAカップ,3回戦,EFLカップ,4回戦,EL,ベスト4（⇐CLGS）,,2026-05-25
2010-11,premier-league,liverpool,6位,ケニー・ダルグリッシュ ⇐ ロイ・ホジソン,,FAカップ,3回戦,EFLカップ,3回戦,EL,ベスト16,,2026-05-25
2011-12,premier-league,liverpool,8位,ケニー・ダルグリッシュ,,FAカップ,🥈準優勝,EFLカップ,🥇優勝,,,,2026-05-25
2012-13,premier-league,liverpool,7位,ブレンダン・ロジャーズ,,FAカップ,4回戦,EFLカップ,4回戦,EL,ベスト32,,2026-05-25
2013-14,premier-league,liverpool,2位,ブレンダン・ロジャーズ,,FAカップ,5回戦,EFLカップ,3回戦,,,,2026-05-25
2014-15,premier-league,liverpool,6位,ブレンダン・ロジャーズ,,FAカップ,準決勝,EFLカップ,準決勝,EL,ベスト32（⇐CLGS）,,2026-05-25
2015-16,premier-league,liverpool,8位,ユルゲン・クロップ ⇐ ブレンダン・ロジャーズ,,FAカップ,4回戦,EFLカップ,🥈準優勝,EL,🥈準優勝,,2026-05-25
2016-17,premier-league,liverpool,4位,ユルゲン・クロップ,ゲーゲンプレス革命 - PL激震,FAカップ,4回戦,EFLカップ,準決勝,,,,2026-05-25
2017-18,premier-league,liverpool,4位,ユルゲン・クロップ,サラー加入 - 最強３トップ形成,FAカップ,4回戦,EFLカップ,3回戦,CL,🥈準優勝,,2026-05-25
2018-19,premier-league,liverpool,2位,ユルゲン・クロップ,歴史的惜敗 - 終盤デッドヒート,FAカップ,3回戦,EFLカップ,3回戦,CL,🥇優勝,,2026-05-25
2019-20,premier-league,liverpool,優勝,ユルゲン・クロップ,名門復権 - 悲願のPL初制覇,FAカップ,5回戦,EFLカップ,準々決勝,CL,ベスト16,,2026-05-25
2020-21,premier-league,liverpool,3位,ユルゲン・クロップ,守護神ファン・ダイク長期離脱,FAカップ,4回戦,EFLカップ,4回戦,CL,ベスト8,,2026-05-25
2021-22,premier-league,liverpool,2位,ユルゲン・クロップ,シティとの死闘 - 再び阻まれた栄光,FAカップ,🥇優勝,EFLカップ,🥇優勝,CL,🥈準優勝,,2026-05-25
2022-23,premier-league,liverpool,5位,ユルゲン・クロップ,マネ退団、新たな時代へ,FAカップ,4回戦,EFLカップ,4回戦,CL,ベスト16,,2026-05-25
2023-24,premier-league,liverpool,3位,ユルゲン・クロップ,クロップ政権の最終章,FAカップ,準々決勝,EFLカップ,🥇優勝,EL,ベスト8,,2026-05-25
2024-25,premier-league,liverpool,優勝,アルネ・スロット,新将到来、いきなり王者へ,FAカップ,4回戦,EFLカップ,🥈準優勝,CL,ベスト16,,2026-05-25
2025-26,premier-league,liverpool,5位,アルネ・スロット,,FAカップ,準々決勝,EFLカップ,4回戦,CL,ベスト8,,2026-05-25
2026-27,premier-league,liverpool,開幕,アンドニ・イラオラ,,,,,,,,,2026-07-17
1992-93,premier-league,manchester-city,9位,,,,,,,,,,
1993-94,premier-league,manchester-city,16位,,,,,,,,,,
1994-95,premier-league,manchester-city,17位,,,,,,,,,,
1995-96,premier-league,manchester-city,18位,,,,,,,,,,
1996-97,premier-league,manchester-city,CS,,,,,,,,,,
1997-98,premier-league,manchester-city,CS,,,,,,,,,,
1998-99,premier-league,manchester-city,CS2,,,,,,,,,,
1999-00,premier-league,manchester-city,CS,,,,,,,,,,
2000-01,premier-league,manchester-city,18位,,,,,,,,,,
2001-02,premier-league,manchester-city,CS,,,,,,,,,,
2002-03,premier-league,manchester-city,9位,,,,,,,,,,
2003-04,premier-league,manchester-city,16位,,,,,,,,,,
2004-05,premier-league,manchester-city,8位,,,,,,,,,,
2005-06,premier-league,manchester-city,15位,,,,,,,,,,
2006-07,premier-league,manchester-city,14位,,,,,,,,,,
2007-08,premier-league,manchester-city,9位,スヴェン＝ゴラン・エリクソン,,FAカップ,4回戦敗退,EFLカップ,準々決勝敗退,,,,2026-05-25
2008-09,premier-league,manchester-city,10位,マーク・ヒューズ,,FAカップ,3回戦敗退,EFLカップ,2回戦敗退,UEFAカップ,ベスト8,,2026-05-25
2009-10,premier-league,manchester-city,5位,ロベルト・マンチーニ ⇐ マーク・ヒューズ,,FAカップ,5回戦敗退,EFLカップ,準決勝敗退,,,,2026-05-25
2010-11,premier-league,manchester-city,3位,ロベルト・マンチーニ,,FAカップ,🥇優勝,EFLカップ,3回戦敗退,EL,ベスト16,,2026-05-25
2011-12,premier-league,manchester-city,優勝,ロベルト・マンチーニ,,FAカップ,3回戦敗退,EFLカップ,準決勝敗退,EL,ベスト16(⇐CLGS),,2026-05-25
2012-13,premier-league,manchester-city,2位,ロベルト・マンチーニ,,FAカップ,🥈準優勝,EFLカップ,3回戦敗退,CL,GS敗退,,2026-05-25
2013-14,premier-league,manchester-city,優勝,マヌエル・ペレグリーニ,,FAカップ,準々決勝敗退,EFLカップ,🥇優勝,CL,ベスト16,,2026-05-25
2014-15,premier-league,manchester-city,2位,マヌエル・ペレグリーニ,,FAカップ,4回戦敗退,EFLカップ,4回戦敗退,CL,ベスト16,,2026-05-25
2015-16,premier-league,manchester-city,4位,マヌエル・ペレグリーニ,,FAカップ,5回戦敗退,EFLカップ,🥇優勝,CL,ベスト4,,2026-05-25
2016-17,premier-league,manchester-city,3位,ジョゼップ・グアルディオラ,世界的知将PLへ - 試行錯誤,FAカップ,準決勝敗退,EFLカップ,4回戦敗退,CL,ベスト16,,2026-05-25
2017-18,premier-league,manchester-city,優勝,ジョゼップ・グアルディオラ,新体制2シーズン目の快挙,FAカップ,5回戦敗退,EFLカップ,🥇優勝,CL,ベスト8,,2026-05-25
2018-19,premier-league,manchester-city,優勝,ジョゼップ・グアルディオラ,リヴァプールとの2強体制へ,FAカップ,🥇優勝,EFLカップ,🥇優勝,CL,ベスト8,,2026-05-25
2019-20,premier-league,manchester-city,2位,ジョゼップ・グアルディオラ,名門クラブからの逆襲,FAカップ,準決勝敗退,EFLカップ,🥇優勝,CL,ベスト8,,2026-05-25
2020-21,premier-league,manchester-city,優勝,ジョゼップ・グアルディオラ,国内2強体制、継続,FAカップ,準決勝敗退,EFLカップ,🥇優勝,CL,🥈準優勝,,2026-05-25
2021-22,premier-league,manchester-city,優勝,ジョゼップ・グアルディオラ,二度目の連覇で盤石へ,FAカップ,準決勝敗退,EFLカップ,4回戦敗退,CL,ベスト4,,2026-05-25
2022-23,premier-league,manchester-city,優勝,ジョゼップ・グアルディオラ,トレブル達成 - ペップシティ完成形,FAカップ,🥇優勝,EFLカップ,準々決勝敗退,CL,🥇優勝,,2026-05-25
2023-24,premier-league,manchester-city,優勝,ジョゼップ・グアルディオラ,待望の9番、ハーランド躍動,FAカップ,🥈準優勝,EFLカップ,3回戦敗退,CL,ベスト8,,2026-05-25
2024-25,premier-league,manchester-city,3位,ジョゼップ・グアルディオラ,苦戦 - 長期政権の歪み,FAカップ,🥈準優勝,EFLカップ,4回戦敗退,CL,KOフェーズPO敗退,,2026-05-25
2025-26,premier-league,manchester-city,2位,ジョゼップ・グアルディオラ,ペップ最終シーズン,FAカップ,🥇優勝,EFLカップ,🥇優勝,CL,ベスト16,,2026-05-25
2026-27,premier-league,manchester-city,開幕,エンツォ・マレスカ,,,,,,,,,2026-07-19
1992-93,premier-league,manchester-united,優勝,アレックス・ファーガソン,,FAカップ,5回戦,EFLカップ,3回戦,UEFAカップ,1回戦,,2026-05-25
1993-94,premier-league,manchester-united,優勝,アレックス・ファーガソン,,FAカップ,🥇優勝,EFLカップ,🥈準優勝,CL,2回戦,,2026-05-25
1994-95,premier-league,manchester-united,2位,アレックス・ファーガソン,,FAカップ,準優勝,EFLカップ,3回戦,CL,GL敗退,,2026-05-25
1995-96,premier-league,manchester-united,優勝,アレックス・ファーガソン,,FAカップ,🥇優勝,EFLカップ,2回戦,UEFAカップ,1回戦,,2026-05-25
1996-97,premier-league,manchester-united,優勝,アレックス・ファーガソン,,FAカップ,4回戦,EFLカップ,4回戦,CL,ベスト4,,2026-05-25
1997-98,premier-league,manchester-united,2位,アレックス・ファーガソン,,FAカップ,5回戦,EFLカップ,3回戦,CL,ベスト8,,2026-05-25
1998-99,premier-league,manchester-united,優勝,アレックス・ファーガソン,,FAカップ,🥇優勝,EFLカップ,5回戦,CL,🥇優勝,,2026-05-25
1999-00,premier-league,manchester-united,優勝,アレックス・ファーガソン,,FAカップ,不参加,EFLカップ,3回戦,CL,ベスト8,,2026-05-25
2000-01,premier-league,manchester-united,優勝,アレックス・ファーガソン,,FAカップ,4回戦,EFLカップ,4回戦,CL,ベスト8,,2026-05-25
2001-02,premier-league,manchester-united,3位,アレックス・ファーガソン,,FAカップ,4回戦,EFLカップ,3回戦,CL,ベスト4,,2026-05-25
2002-03,premier-league,manchester-united,優勝,アレックス・ファーガソン,,FAカップ,5回戦,EFLカップ,🥈準優勝,CL,ベスト8,,2026-05-25
2003-04,premier-league,manchester-united,3位,アレックス・ファーガソン,,FAカップ,🥇優勝,EFLカップ,4回戦,CL,ベスト8,,2026-05-25
2004-05,premier-league,manchester-united,3位,アレックス・ファーガソン,,FAカップ,🥈準優勝,EFLカップ,ベスト4,CL,ベスト8,,2026-05-25
2005-06,premier-league,manchester-united,2位,アレックス・ファーガソン,,FAカップ,5回戦,EFLカップ,🥇優勝,CL,GL敗退,,2026-05-25
2006-07,premier-league,manchester-united,優勝,アレックス・ファーガソン,,FAカップ,🥈準優勝,EFLカップ,4回戦,CL,ベスト4,,2026-05-25
2007-08,premier-league,manchester-united,優勝,アレックス・ファーガソン,,FAカップ,6回戦,EFLカップ,3回戦,CL,🥇優勝,,2026-05-25
2008-09,premier-league,manchester-united,優勝,アレックス・ファーガソン,,FAカップ,ベスト4,EFLカップ,🥇優勝,CL,🥈準優勝,,2026-05-25
2009-10,premier-league,manchester-united,2位,アレックス・ファーガソン,,FAカップ,3回戦,EFLカップ,🥇優勝,CL,ベスト8,,2026-05-25
2010-11,premier-league,manchester-united,優勝,アレックス・ファーガソン,,FAカップ,ベスト4,EFLカップ,5回戦,CL,🥈準優勝,,2026-05-25
2011-12,premier-league,manchester-united,2位,アレックス・ファーガソン,,FAカップ,4回戦,EFLカップ,5回戦,CL,ベスト8（⇐CLGS）,,2026-05-25
2012-13,premier-league,manchester-united,優勝,アレックス・ファーガソン,,FAカップ,6回戦,EFLカップ,4回戦,CL,ベスト16,,2026-05-25
2013-14,premier-league,manchester-united,7位,(暫定)ライアン・ギグス ⇐ デイヴィッド・モイーズ,,FAカップ,3回戦,EFLカップ,ベスト4,CL,ベスト8,,2026-05-25
2014-15,premier-league,manchester-united,4位,ルイ・ファン・ハール,,FAカップ,6回戦,EFLカップ,2回戦,,,,2026-05-25
2015-16,premier-league,manchester-united,5位,ルイ・ファン・ハール,,FAカップ,🥇優勝,EFLカップ,4回戦,EL,ベスト16（⇐CLGS）,,2026-05-25
2016-17,premier-league,manchester-united,6位,ジョゼ・モウリーニョ,モウリーニョ就任 - 名門復権へ,FAカップ,ベスト8,EFLカップ,🥇優勝,EL,🥇優勝,,2026-05-25
2017-18,premier-league,manchester-united,2位,ジョゼ・モウリーニョ,名将、2シーズン目で手腕発揮,FAカップ,🥈準優勝,EFLカップ,5回戦,CL,ベスト16,,2026-05-25
2018-19,premier-league,manchester-united,6位,オーレ・グンナー・スールシャール ⇐ ジョゼ・モウリーニョ,モウ退任 → 黄金期OBスールシャール,FAカップ,ベスト8,EFLカップ,3回戦,CL,ベスト8,,2026-05-25
2019-20,premier-league,manchester-united,3位,オーレ・グンナー・スールシャール,名門復活への狼煙,FAカップ,ベスト4,EFLカップ,ベスト4,EL,ベスト4,,2026-05-25
2020-21,premier-league,manchester-united,2位,オーレ・グンナー・スールシャール,ブルーノ加入、クラブの旗頭へ,FAカップ,ベスト8,EFLカップ,ベスト4,EL,🥈準優勝（⇐CLGS）,,2026-05-25
2021-22,premier-league,manchester-united,6位, (暫定)ラルフ・ラングニック ⇐ (暫定)マイケル・キャリック ⇐ オーレ・グンナー・スールシャール,再び迷走 - CL圏逃す,FAカップ,4回戦,EFLカップ,3回戦,CL,ベスト16,,2026-05-25
2022-23,premier-league,manchester-united,3位,エリック・テン・ハフ,新指揮官、チーム再構築へ,FAカップ,🥈準優勝,EFLカップ,🥇優勝,EL,ベスト8,,2026-05-25
2023-24,premier-league,manchester-united,8位,エリック・テン・ハフ,さらなる低迷 - 守護神デ・ヘア退団,FAカップ,🥇優勝,EFLカップ,4回戦,CL,GL敗退,,2026-05-25
2024-25,premier-league,manchester-united,15位,ルベン・アモリム ⇐ (暫定)ルート・ファン・ニステルローイ ⇐ エリック・テン・ハフ ,チーム一新 - 続く再建への道,FAカップ,5回戦,EFLカップ,ベスト8,EL,🥈準優勝,,2026-05-25
2025-26,premier-league,manchester-united,3位,マイケル・キャリック ⇐ ルベン・アモリム,,FAカップ,3回戦,EFLカップ,2回戦,,,,2026-05-25
2026-27,premier-league,manchester-united,開幕,マイケル・キャリック,,,,,,,,,2026-07-18
1992-93,premier-league,chelsea,11位,(暫定)デビッド・ウェブ ⇐ イアン・ポーターフィールド,,FAカップ,3回戦,EFLカップ,ベスト8,,,,2026-05-25
1993-94,premier-league,chelsea,14位,(選手兼任)グレン・ホドル,,FAカップ,🥈準優勝,EFLカップ,3回戦,,,,2026-05-25
1994-95,premier-league,chelsea,11位,(選手兼任)グレン・ホドル,,FAカップ,4回戦,EFLカップ,3回戦,,,,2026-05-25
1995-96,premier-league,chelsea,11位,(選手兼任)グレン・ホドル,,FAカップ,ベスト4,EFLカップ,2回戦,,,,2026-05-25
1996-97,premier-league,chelsea,6位,(選手兼任)ルート・フリット,,FAカップ,🥇優勝,EFLカップ,3回戦,,,,2026-05-25
1997-98,premier-league,chelsea,4位,(選手兼任)ジャンルカ・ヴィアリ ⇐ (選手兼任)ルート・フリット,,FAカップ,3回戦,EFLカップ,🥇優勝,,,,2026-05-25
1998-99,premier-league,chelsea,3位,(選手兼任)ジャンルカ・ヴィアリ,,FAカップ,ベスト8,EFLカップ,ベスト8,,,,2026-05-25
1999-00,premier-league,chelsea,5位,(選手兼任)ジャンルカ・ヴィアリ,,FAカップ,🥇優勝,EFLカップ,3回戦,CL,ベスト8,,2026-05-25
2000-01,premier-league,chelsea,6位,クラウディオ・ラニエリ ⇐ (暫定)グラハム・リックス ⇐ (選手兼任)ジャンルカ・ヴィアリ,,FAカップ,ベスト16,EFLカップ,3回戦,UEFAカップ,1回戦,,2026-05-25
2001-02,premier-league,chelsea,6位,クラウディオ・ラニエリ,,FAカップ,🥈準優勝,EFLカップ,ベスト4,UEFAカップ,2回戦,,2026-05-25
2002-03,premier-league,chelsea,4位,クラウディオ・ラニエリ,,FAカップ,ベスト8,EFLカップ,ベスト8,UEFAカップ,1回戦,,2026-05-25
2003-04,premier-league,chelsea,2位,クラウディオ・ラニエリ,,FAカップ,ベスト16,EFLカップ,ベスト8,CL,ベスト4,,2026-05-25
2004-05,premier-league,chelsea,優勝,ジョゼ・モウリーニョ,,FAカップ,ベスト16,EFLカップ,🥇優勝,CL,ベスト4,,2026-05-25
2005-06,premier-league,chelsea,優勝,ジョゼ・モウリーニョ,,FAカップ,ベスト4,EFLカップ,3回戦,CL,ベスト16,,2026-05-25
2006-07,premier-league,chelsea,2位,ジョゼ・モウリーニョ,,FAカップ,🥇優勝,EFLカップ,🥇優勝,CL,ベスト4,,2026-05-25
2007-08,premier-league,chelsea,2位,アヴラム・グラント ⇐ ジョゼ・モウリーニョ,,FAカップ,ベスト8,EFLカップ,🥈準優勝,CL,🥈準優勝,,2026-05-25
2008-09,premier-league,chelsea,3位,(暫定)フース・ヒディンク ⇐ (暫定)レイ・ウィルキンス ⇐ ルイス・フェリペ・スコラーリ,,FAカップ,🥇優勝,EFLカップ,4回戦,CL,ベスト4,,2026-05-25
2009-10,premier-league,chelsea,優勝,カルロ・アンチェロッティ,,FAカップ,🥇優勝,EFLカップ,ベスト8,CL,ベスト16,,2026-05-25
2010-11,premier-league,chelsea,2位,カルロ・アンチェロッティ,,FAカップ,4回戦,EFLカップ,3回戦,CL,ベスト8,,2026-05-25
2011-12,premier-league,chelsea,6位,ロベルト・ディ・マッテオ ⇐ アンドレ・ビラス・ボアス,,FAカップ,🥇優勝,EFLカップ,ベスト8,CL,🥇優勝,,2026-05-25
2012-13,premier-league,chelsea,3位,(暫定)ラファエル・ベニテス ⇐ ロベルト・ディ・マッテオ,,FAカップ,ベスト4,EFLカップ,ベスト4,EL,🥇優勝(⇦CLGS),,2026-05-25
2013-14,premier-league,chelsea,3位,ジョゼ・モウリーニョ,,FAカップ,ベスト16,EFLカップ,ベスト8,CL,ベスト4,,2026-05-25
2014-15,premier-league,chelsea,優勝,ジョゼ・モウリーニョ,,FAカップ,4回戦,EFLカップ,🥇優勝,CL,ベスト16,,2026-05-25
2015-16,premier-league,chelsea,10位,(暫定)フース・ヒディンク ⇐ (暫定)スティーブ・ホランド ⇐ ジョゼ・モウリーニョ,,FAカップ,ベスト8,EFLカップ,ベスト16,CL,ベスト16,,2026-05-25
2016-17,premier-league,chelsea,優勝,アントニオ・コンテ,,FAカップ,🥈準優勝,EFLカップ,4回戦,,,,2026-05-25
2017-18,premier-league,chelsea,5位,アントニオ・コンテ,,FAカップ,🥇優勝,EFLカップ,ベスト4,CL,ベスト16,,2026-05-25
2018-19,premier-league,chelsea,3位,マウリツィオ・サッリ,,FAカップ,5回戦,EFLカップ,🥈準優勝,EL,🥇優勝,,2026-05-25
2019-20,premier-league,chelsea,4位,フランク・ランパード,,FAカップ,🥈準優勝,EFLカップ,4回戦,CL,ベスト16,,2026-05-25
2020-21,premier-league,chelsea,4位,トーマス・トゥヘル ⇐ フランク・ランパード,,FAカップ,🥈準優勝,EFLカップ,4回戦,CL,🥇優勝,,2026-05-25
2021-22,premier-league,chelsea,3位,トーマス・トゥヘル,,FAカップ,🥈準優勝,EFLカップ,🥈準優勝,CL,ベスト8,,2026-05-25
2022-23,premier-league,chelsea,12位, (暫定)フランク・ランパード  ⇐  (暫定)ブルーノ・サルトール ⇐ グレアム・ポッター,,FAカップ,3回戦,EFLカップ,3回戦,CL,ベスト8,,2026-05-25
2023-24,premier-league,chelsea,6位,マウリシオ・ポチェッティーノ,,FAカップ,ベスト4,EFLカップ,🥈準優勝,,,,2026-05-25
2024-25,premier-league,chelsea,4位,エンツォ・マレスカ,,FAカップ,4回戦,EFLカップ,4回戦,ECL,🥇優勝,,2026-05-25
2025-26,premier-league,chelsea,10位,(暫定)カラム・マクファーレン ⇐ リアム・ロシニアー ⇐ エンツォ・マレスカ ,,FAカップ,🥈準優勝,EFLカップ,ベスト4,CL,ベスト16,,2026-05-25
2026-27,premier-league,chelsea,開幕,シャビ・アロンソ,,,,,,,,,2026-07-20
1992-93,premier-league,tottenham-hotspur,8位,,,,,,,,,,
1993-94,premier-league,tottenham-hotspur,15位,,,,,,,,,,
1994-95,premier-league,tottenham-hotspur,7位,,,,,,,,,,
1995-96,premier-league,tottenham-hotspur,8位,,,,,,,,,,
1996-97,premier-league,tottenham-hotspur,10位,,,,,,,,,,
1997-98,premier-league,tottenham-hotspur,14位,,,,,,,,,,
1998-99,premier-league,tottenham-hotspur,11位,,,,,,,,,,
1999-00,premier-league,tottenham-hotspur,10位,,,,,,,,,,
2000-01,premier-league,tottenham-hotspur,12位,,,,,,,,,,
2001-02,premier-league,tottenham-hotspur,9位,,,,,,,,,,
2002-03,premier-league,tottenham-hotspur,10位,,,,,,,,,,
2003-04,premier-league,tottenham-hotspur,14位,,,,,,,,,,
2004-05,premier-league,tottenham-hotspur,9位,,,,,,,,,,
2005-06,premier-league,tottenham-hotspur,5位,,,,,,,,,,
2006-07,premier-league,tottenham-hotspur,5位,,,,,,,,,,
2007-08,premier-league,tottenham-hotspur,11位,,,,,,,,,,
2008-09,premier-league,tottenham-hotspur,8位,,,,,,,,,,
2009-10,premier-league,tottenham-hotspur,4位,,,,,,,,,,
2010-11,premier-league,tottenham-hotspur,5位,,,,,,,,,,
2011-12,premier-league,tottenham-hotspur,4位,,,,,,,,,,
2012-13,premier-league,tottenham-hotspur,5位,,,,,,,,,,
2013-14,premier-league,tottenham-hotspur,6位,,,,,,,,,,
2014-15,premier-league,tottenham-hotspur,5位,,,,,,,,,,
2015-16,premier-league,tottenham-hotspur,3位,,,,,,,,,,
2016-17,premier-league,tottenham-hotspur,2位,マウリシオ・ポチェッティーノ,ケインゴール量産 - PL最高順位へ,FAカップ,準決勝,EFLカップ,4回戦,EL,ベスト32（⇐CLGS）,,2026-05-25
2017-18,premier-league,tottenham-hotspur,3位,マウリシオ・ポチェッティーノ,,FAカップ,準決勝,EFLカップ,4回戦,CL,ベスト16,,2026-05-25
2018-19,premier-league,tottenham-hotspur,4位,マウリシオ・ポチェッティーノ,,FAカップ,4回戦,EFLカップ,準決勝,CL,🥈準優勝,,2026-05-25
2019-20,premier-league,tottenham-hotspur,6位,ジョゼ・モウリーニョ ⇐ マウリシオ・ポチェッティーノ,,FAカップ,5回戦,EFLカップ,3回戦,CL,ベスト16,,2026-05-25
2020-21,premier-league,tottenham-hotspur,7位,ライアン・メイソン ⇐ ジョゼ・モウリーニョ → ,,FAカップ,5回戦,EFLカップ,🥈準優勝,EL,ベスト16,,2026-05-25
2021-22,premier-league,tottenham-hotspur,4位,アントニオ・コンテ ⇐ ヌーノ・エスピーリト・サント,,FAカップ,5回戦,EFLカップ,準決勝,EL,GS敗退,,2026-05-25
2022-23,premier-league,tottenham-hotspur,8位,ライアン・メイソン ⇐ クリスティアン・ステッリーニ ⇐ アントニオ・コンテ,,FAカップ,5回戦,EFLカップ,3回戦,CL,ベスト16,,2026-05-25
2023-24,premier-league,tottenham-hotspur,5位,アンジェ・ポステコグルー,,FAカップ,4回戦,EFLカップ,2回戦,,,,2026-05-25
2024-25,premier-league,tottenham-hotspur,17位,アンジェ・ポステコグルー,,FAカップ,4回戦,EFLカップ,準決勝,EL,🥇優勝,,2026-05-25
2025-26,premier-league,tottenham-hotspur,17位,ロベルト・デ・セルビ ⇐ イゴール・トゥドール ⇐ トーマス・フランク,,FAカップ,3回戦,EFLカップ,4回戦,CL,ベスト16,,2026-05-25
2026-27,premier-league,tottenham-hotspur,開幕,ロベルト・デ・セルビ,,,,,,,,,2026-07-13
1990-91,laliga,real-madrid,3位,,,,,,,,,,
1991-92,laliga,real-madrid,2位,,,,,,,,,,
1992-93,laliga,real-madrid,2位,,,,,,,,,,
1993-94,laliga,real-madrid,4位,,,,,,,,,,
1994-95,laliga,real-madrid,優勝,,,,,,,,,,
1995-96,laliga,real-madrid,6位,,,,,,,,,,
1996-97,laliga,real-madrid,優勝,,,,,,,,,,
1997-98,laliga,real-madrid,4位,ユップ・ハインケス,,コパ・デル・レイ,ベスト16,,,CL,🥇優勝,,2026-05-25
1998-99,laliga,real-madrid,2位,ジョン・トシャック ⇐ フース・ヒディンク,,コパ・デル・レイ,ベスト4,,,CL,ベスト8,,2026-05-25
1999-00,laliga,real-madrid,5位,ビセンテ・デル・ボスケ ⇐ ジョン・トシャック,,コパ・デル・レイ,ベスト8,,,CL,🥇優勝,,2026-05-25
2000-01,laliga,real-madrid,優勝,ビセンテ・デル・ボスケ,,コパ・デル・レイ,ベスト64,,,CL,ベスト4,,2026-05-25
2001-02,laliga,real-madrid,3位,ビセンテ・デル・ボスケ,,コパ・デル・レイ,🥈準優勝,,,CL,🥇優勝,,2026-05-25
2002-03,laliga,real-madrid,優勝,ビセンテ・デル・ボスケ,,コパ・デル・レイ,ベスト8,,,CL,ベスト4,,2026-05-25
2003-04,laliga,real-madrid,4位,カルロス・ケイロス,,コパ・デル・レイ,🥈準優勝,,,CL,ベスト8,,2026-05-25
2004-05,laliga,real-madrid,2位,ヴァンデルレイ・ルシェンブルゴ ⇐ マリアノ・ガルシア・レモン ⇐ ホセ・アントニオ・カマーチョ,,コパ・デル・レイ,ベスト16,,,CL,ベスト16,,2026-05-25
2005-06,laliga,real-madrid,2位,フアン・ラモン・ロペス・カロ ⇐ ヴァンデルレイ・ルシェンブルゴ,,コパ・デル・レイ,ベスト4,,,CL,ベスト16,,2026-05-25
2006-07,laliga,real-madrid,優勝,ファビオ・カペッロ,,コパ・デル・レイ,ベスト16,,,CL,ベスト16,,2026-05-25
2007-08,laliga,real-madrid,優勝,ファンデ・ラモス ⇐ ベルント・シュスター,,コパ・デル・レイ,ベスト16,,,CL,ベスト16,,2026-05-25
2008-09,laliga,real-madrid,2位,ファンデ・ラモス,,コパ・デル・レイ,ベスト32,,,CL,ベスト16,,2026-05-25
2009-10,laliga,real-madrid,2位,マヌエル・ペレグリーニ,,コパ・デル・レイ,ベスト32,,,CL,ベスト16,,2026-05-25
2010-11,laliga,real-madrid,2位,ジョゼ・モウリーニョ,,コパ・デル・レイ,🥇優勝,,,CL,ベスト4,,2026-05-25
2011-12,laliga,real-madrid,優勝,ジョゼ・モウリーニョ,,コパ・デル・レイ,ベスト8,,,CL,ベスト4,,2026-05-25
2012-13,laliga,real-madrid,2位,ジョゼ・モウリーニョ,,コパ・デル・レイ,🥈準優勝,,,CL,ベスト4,,2026-05-25
2013-14,laliga,real-madrid,3位,カルロ・アンチェロッティ,,コパ・デル・レイ,🥇優勝,,,CL,🥇優勝,,2026-05-25
2014-15,laliga,real-madrid,2位,カルロ・アンチェロッティ,,コパ・デル・レイ,ベスト16,,,CL,ベスト4,,2026-05-25
2015-16,laliga,real-madrid,2位,ジネディーヌ・ジダン ⇐ ラファエル・ベニテス,,コパ・デル・レイ,ベスト32,,,CL,🥇優勝,,2026-05-25
2016-17,laliga,real-madrid,優勝,ジネディーヌ・ジダン,,コパ・デル・レイ,ベスト8,,,CL,🥇優勝,,2026-05-25
2017-18,laliga,real-madrid,3位,ジネディーヌ・ジダン,,コパ・デル・レイ,ベスト8,,,CL,🥇優勝,,2026-05-25
2018-19,laliga,real-madrid,3位,ジネディーヌ・ジダン ⇐ サンティアゴ・ソラーリ ⇐ フレン・ロペテギ,,コパ・デル・レイ,ベスト4,,,CL,ベスト16,,2026-05-25
2019-20,laliga,real-madrid,優勝,ジネディーヌ・ジダン,,コパ・デル・レイ,ベスト8,,,CL,ベスト16,,2026-05-25
2020-21,laliga,real-madrid,2位,ジネディーヌ・ジダン,,コパ・デル・レイ,ベスト32,,,CL,ベスト4,,2026-05-25
2021-22,laliga,real-madrid,優勝,カルロ・アンチェロッティ,,コパ・デル・レイ,ベスト8,,,CL,🥇優勝,,2026-05-25
2022-23,laliga,real-madrid,2位,カルロ・アンチェロッティ,,コパ・デル・レイ,🥇優勝,,,CL,ベスト4,,2026-05-25
2023-24,laliga,real-madrid,優勝,カルロ・アンチェロッティ,,コパ・デル・レイ,ベスト16,,,CL,🥇優勝,,2026-05-25
2024-25,laliga,real-madrid,2位,カルロ・アンチェロッティ,,コパ・デル・レイ,🥈準優勝,,,CL,ベスト8,,2026-05-25
2025-26,laliga,real-madrid,2位,アルバロ・アルベロア ⇐ シャビ・アロンソ,,コパ・デル・レイ,ベスト16,,,CL,ベスト8,,2026-05-25
2026-27,laliga,real-madrid,開幕,ジョゼ・モウリーニョ,,,,,,,,,2026-07-12
1990-91,laliga,barcelona,優勝,,,,,,,,,,
1991-92,laliga,barcelona,優勝,,,,,,,,,,
1992-93,laliga,barcelona,優勝,,,,,,,,,,
1993-94,laliga,barcelona,優勝,,,,,,,,,,
1994-95,laliga,barcelona,4位,,,,,,,,,,
1995-96,laliga,barcelona,3位,,,,,,,,,,
1996-97,laliga,barcelona,2位,,,,,,,,,,
1997-98,laliga,barcelona,優勝,ルイ・ファン・ハール,,コパ・デル・レイ,🥇優勝,,,CL,GS敗退,,2026-05-25
1998-99,laliga,barcelona,優勝,ルイ・ファン・ハール,,コパ・デル・レイ,ベスト8,,,CL,GS敗退,,2026-05-25
1999-00,laliga,barcelona,2位,ルイ・ファン・ハール,,コパ・デル・レイ,ベスト4,,,CL,ベスト4,,2026-05-25
2000-01,laliga,barcelona,4位,カルロス・レシャック ⇐ ロレンソ・セラ・フェレール,,コパ・デル・レイ,ベスト4,,,CL,1次リーグ敗退,,2026-05-25
2001-02,laliga,barcelona,4位,カルロス・レシャック,,コパ・デル・レイ,1回戦敗退,,,CL,ベスト4,,2026-05-25
2002-03,laliga,barcelona,6位,ラドミル・アンティッチ ⇐ ルイ・ファン・ハール,,コパ・デル・レイ,1回戦敗退,,,CL,ベスト8,,2026-05-25
2003-04,laliga,barcelona,2位,フランク・ライカールト,,コパ・デル・レイ,ベスト8,,,UEFAカップ,４回戦敗退,,2026-05-25
2004-05,laliga,barcelona,優勝,フランク・ライカールト,,コパ・デル・レイ,1回戦敗退,,,CL,ベスト16,,2026-05-25
2005-06,laliga,barcelona,優勝,フランク・ライカールト,,コパ・デル・レイ,ベスト8,,,CL,🥇優勝,,2026-05-25
2006-07,laliga,barcelona,2位,フランク・ライカールト,,コパ・デル・レイ,ベスト4,,,CL,ベスト16,,2026-05-25
2007-08,laliga,barcelona,3位,フランク・ライカールト,,コパ・デル・レイ,ベスト4,,,CL,ベスト4,,2026-05-25
2008-09,laliga,barcelona,優勝,ジョゼップ・グアルディオラ,,コパ・デル・レイ,🥇優勝,,,CL,🥇優勝,,2026-05-25
2009-10,laliga,barcelona,優勝,ジョゼップ・グアルディオラ,,コパ・デル・レイ,ベスト16,,,CL,ベスト4,,2026-05-25
2010-11,laliga,barcelona,優勝,ジョゼップ・グアルディオラ,,コパ・デル・レイ,🥈準優勝,,,CL,🥇優勝,,2026-05-25
2011-12,laliga,barcelona,2位,ジョゼップ・グアルディオラ,,コパ・デル・レイ,🥇優勝,,,CL,ベスト4,,2026-05-25
2012-13,laliga,barcelona,優勝,ティト・ビラノバ,,コパ・デル・レイ,ベスト4,,,CL,ベスト4,,2026-05-25
2013-14,laliga,barcelona,2位,ヘラルド・マルティーノ,,コパ・デル・レイ,🥈準優勝,,,CL,ベスト8,,2026-05-25
2014-15,laliga,barcelona,優勝,ルイス・エンリケ,,コパ・デル・レイ,🥇優勝,,,CL,🥇優勝,,2026-05-25
2015-16,laliga,barcelona,優勝,ルイス・エンリケ,,コパ・デル・レイ,🥇優勝,,,CL,ベスト8,,2026-05-25
2016-17,laliga,barcelona,2位,ルイス・エンリケ,,コパ・デル・レイ,🥇優勝,,,CL,ベスト8,,2026-05-25
2017-18,laliga,barcelona,優勝,エルネスト・バルベルデ,,コパ・デル・レイ,🥇優勝,,,CL,ベスト8,,2026-05-25
2018-19,laliga,barcelona,優勝,エルネスト・バルベルデ,,コパ・デル・レイ,🥈準優勝,,,CL,ベスト4,,2026-05-25
2019-20,laliga,barcelona,2位,キケ・セティエン ⇐ エルネスト・バルベルデ,,コパ・デル・レイ,ベスト8,,,CL,ベスト8,,2026-05-25
2020-21,laliga,barcelona,3位,ロナルド・クーマン ,,コパ・デル・レイ,🥇優勝,,,CL,ベスト16,,2026-05-25
2021-22,laliga,barcelona,2位,シャビ ⇐ ロナルド・クーマン,,コパ・デル・レイ,ベスト16,,,EL,ベスト8（⇐CLGS）,,2026-05-25
2022-23,laliga,barcelona,優勝,シャビ,,コパ・デル・レイ,ベスト4,,,EL,KOフェーズPO敗退（⇐CLGS）,,2026-05-25
2023-24,laliga,barcelona,2位,シャビ,,コパ・デル・レイ,ベスト8,,,CL,ベスト8,,2026-05-25
2024-25,laliga,barcelona,優勝,ハンジ・フリック,,コパ・デル・レイ,🥇優勝,,,CL,ベスト4,,2026-05-25
2025-26,laliga,barcelona,優勝,ハンジ・フリック,,コパ・デル・レイ,ベスト4,,,CL,ベスト8,,2026-05-25
2026-27,laliga,barcelona,開幕,ハンジ・フリック,,,,,,,,,2026-07-15
2002-03,laliga,atletico-madrid,11位,ヘスス・ヒル,,コパ・デル・レイ,ベスト8,,,,,,
2003-04,laliga,atletico-madrid,7位,グレゴリオ・マンサーノ,,コパ・デル・レイ,ベスト8,,,,,,
2004-05,laliga,atletico-madrid,11位,セサル・フェランド,,コパ・デル・レイ,ベスト4,,,,,,
2005-06,laliga,atletico-madrid,10位,ホセ・ムルシア ⇐ カルロス・ビアンチ,,コパ・デル・レイ,ベスト16,,,,,,
2006-07,laliga,atletico-madrid,7位,ハビエル・アギーレ,,コパ・デル・レイ,ベスト16,,,,,,
2007-08,laliga,atletico-madrid,4位,ハビエル・アギーレ,,コパ・デル・レイ,ベスト8,,,UEFAカップ,3回戦敗退,,2026-05-25
2008-09,laliga,atletico-madrid,4位,アベル・レシーノ ⇐ ハビエル・アギーレ,,コパ・デル・レイ,ベスト16,,,CL,ベスト16,,2026-05-25
2009-10,laliga,atletico-madrid,9位,キケ・フローレス ⇐ アベル・レシーノ,,コパ・デル・レイ,🥈準優勝,,,EL,🥇優勝,,2026-05-25
2010-11,laliga,atletico-madrid,7位,キケ・フローレス,,コパ・デル・レイ,ベスト8,,,EL,GS敗退,,2026-05-25
2011-12,laliga,atletico-madrid,5位,ディエゴ・シメオネ ⇐ グレゴリオ・マンサーノ,,コパ・デル・レイ,4回戦敗退,,,EL,🥇優勝,,2026-05-25
2012-13,laliga,atletico-madrid,3位,ディエゴ・シメオネ,,コパ・デル・レイ,🥇優勝,,,,,,2026-05-25
2013-14,laliga,atletico-madrid,優勝,ディエゴ・シメオネ,,コパ・デル・レイ,ベスト4,,,CL,🥈準優勝,,2026-05-25
2014-15,laliga,atletico-madrid,3位,ディエゴ・シメオネ,,コパ・デル・レイ,ベスト8,,,CL,ベスト8,,2026-05-25
2015-16,laliga,atletico-madrid,3位,ディエゴ・シメオネ,,コパ・デル・レイ,ベスト8,,,CL,🥈準優勝,,2026-05-25
2016-17,laliga,atletico-madrid,3位,ディエゴ・シメオネ,,コパ・デル・レイ,ベスト4,,,CL,ベスト4,,2026-05-25
2017-18,laliga,atletico-madrid,2位,ディエゴ・シメオネ,,コパ・デル・レイ,ベスト8,,,EL,🥇優勝（⇐CLGS）,,2026-05-25
2018-19,laliga,atletico-madrid,2位,ディエゴ・シメオネ,,コパ・デル・レイ,ベスト16,,,CL,ベスト16,,2026-05-25
2019-20,laliga,atletico-madrid,3位,ディエゴ・シメオネ,,コパ・デル・レイ,3回戦敗退,,,CL,ベスト8,,2026-05-25
2020-21,laliga,atletico-madrid,優勝,ディエゴ・シメオネ,,コパ・デル・レイ,2回戦敗退,,,CL,ベスト16,,2026-05-25
2021-22,laliga,atletico-madrid,3位,ディエゴ・シメオネ,,コパ・デル・レイ,ベスト16,,,CL,ベスト8,,2026-05-25
2022-23,laliga,atletico-madrid,3位,ディエゴ・シメオネ,,コパ・デル・レイ,ベスト8,,,CL,GS敗退,,2026-05-25
2023-24,laliga,atletico-madrid,4位,ディエゴ・シメオネ,,コパ・デル・レイ,ベスト4,,,CL,ベスト8,,2026-05-25
2024-25,laliga,atletico-madrid,3位,ディエゴ・シメオネ,,コパ・デル・レイ,ベスト4,,,CL,ベスト16,,2026-05-25
2025-26,laliga,atletico-madrid,4位,ディエゴ・シメオネ,,コパ・デル・レイ,🥈準優勝,,,CL,ベスト4,,2026-05-25
2026-27,laliga,atletico-madrid,開幕,ディエゴ・シメオネ,,,,,,,,,2026-07-14
1990-91,bundesliga,bayern-munich,2位,,,,,,,,,,
1991-92,bundesliga,bayern-munich,10位,,,,,,,,,,
1992-93,bundesliga,bayern-munich,2位,,,,,,,,,,
1993-94,bundesliga,bayern-munich,優勝,,,,,,,,,,
1994-95,bundesliga,bayern-munich,6位,,,,,,,,,,
1995-96,bundesliga,bayern-munich,2位,,,,,,,,,,
1996-97,bundesliga,bayern-munich,優勝,,,,,,,,,,
1997-98,bundesliga,bayern-munich,2位,ジョバンニ・トラパットーニ,,DFBポカール,🥇優勝,,,CL,ベスト8,,2026-05-25
1998-99,bundesliga,bayern-munich,優勝,オットマー・ヒッツフェルト,,DFBポカール,🥈準優勝,,,CL,🥈準優勝,,2026-05-25
1999-00,bundesliga,bayern-munich,優勝,オットマー・ヒッツフェルト,,DFBポカール,🥇優勝,,,CL,ベスト4,,2026-05-25
2000-01,bundesliga,bayern-munich,優勝,オットマー・ヒッツフェルト,,DFBポカール,2回戦敗退,,,CL,🥇優勝,,2026-05-25
2001-02,bundesliga,bayern-munich,3位,オットマー・ヒッツフェルト,,DFBポカール,準決勝敗退,,,CL,ベスト8,,2026-05-25
2002-03,bundesliga,bayern-munich,優勝,オットマー・ヒッツフェルト,,DFBポカール,🥇優勝,,,CL,1次GL敗退,,2026-05-25
2003-04,bundesliga,bayern-munich,2位,オットマー・ヒッツフェルト,,DFBポカール,準々決勝敗退,,,CL,ベスト16,,2026-05-25
2004-05,bundesliga,bayern-munich,優勝,フェリックス・マガト,,DFBポカール,🥇優勝,,,CL,ベスト8,,2026-05-25
2005-06,bundesliga,bayern-munich,優勝,フェリックス・マガト,,DFBポカール,🥇優勝,,,CL,ベスト16,,2026-05-25
2006-07,bundesliga,bayern-munich,4位,オットマー・ヒッツフェルト ⇐ フェリックス・マガト,,DFBポカール,ベスト16,,,CL,ベスト8,,2026-05-25
2007-08,bundesliga,bayern-munich,優勝,オットマー・ヒッツフェルト,,DFBポカール,🥇優勝,,,CL,ベスト4,,2026-05-25
2008-09,bundesliga,bayern-munich,2位,(暫定)ユップ・ハインケス ⇐ ユルゲン・クリンスマン,,DFBポカール,準々決勝敗退,,,CL,ベスト8,,2026-05-25
2009-10,bundesliga,bayern-munich,優勝,ルイ・ファン・ハール,,DFBポカール,🥇優勝,,,CL,🥈準優勝,,2026-05-25
2010-11,bundesliga,bayern-munich,3位,(暫定)アンドリース・ヨンカー ⇐ ルイ・ファン・ハール,,DFBポカール,準決勝敗退,,,CL,ベスト16,,2026-05-25
2011-12,bundesliga,bayern-munich,2位,ユップ・ハインケス,,DFBポカール,🥈準優勝,,,CL,🥈準優勝,,2026-05-25
2012-13,bundesliga,bayern-munich,優勝,ユップ・ハインケス,,DFBポカール,🥇優勝,,,CL,🥇優勝,,2026-05-25
2013-14,bundesliga,bayern-munich,優勝,ジョゼップ・グアルディオラ,,DFBポカール,🥇優勝,,,CL,ベスト4,,2026-05-25
2014-15,bundesliga,bayern-munich,優勝,ジョゼップ・グアルディオラ,,DFBポカール,準決勝敗退,,,CL,ベスト4,,2026-05-25
2015-16,bundesliga,bayern-munich,優勝,ジョゼップ・グアルディオラ,,DFBポカール,🥇優勝,,,CL,ベスト4,,2026-05-25
2016-17,bundesliga,bayern-munich,優勝,カルロ・アンチェロッティ,,DFBポカール,準々決勝敗退,,,CL,ベスト8,,2026-05-25
2017-18,bundesliga,bayern-munich,優勝,ユップ・ハインケス ⇐ (暫定)ウィリー・サニョル ⇐ カルロ・アンチェロッティ,,DFBポカール,🥈準優勝,,,CL,ベスト4,,2026-05-25
2018-19,bundesliga,bayern-munich,優勝,ニコ・コヴァチ,,DFBポカール,🥇優勝,,,CL,ベスト16,,2026-05-25
2019-20,bundesliga,bayern-munich,優勝,ハンジ・フリック ⇐ ニコ・コヴァチ,,DFBポカール,🥇優勝,,,CL,🥇優勝,,2026-05-25
2020-21,bundesliga,bayern-munich,優勝,ハンジ・フリック,,DFBポカール,2回戦敗退,,,CL,ベスト8,,2026-05-25
2021-22,bundesliga,bayern-munich,優勝,ユリアン・ナーゲルスマン,,DFBポカール,2回戦敗退,,,CL,ベスト8,,2026-05-25
2022-23,bundesliga,bayern-munich,優勝,トーマス・トゥヘル ⇐ ユリアン・ナーゲルスマン,,DFBポカール,準々決勝敗退,,,CL,ベスト8,,2026-05-25
2023-24,bundesliga,bayern-munich,3位,トーマス・トゥヘル,,DFBポカール,2回戦敗退,,,CL,ベスト4,,2026-05-25
2024-25,bundesliga,bayern-munich,優勝,ヴァンサン・コンパニ,,DFBポカール,3回戦敗退,,,CL,ベスト8,,2026-05-25
2025-26,bundesliga,bayern-munich,優勝,ヴァンサン・コンパニ,,DFBポカール,🥇優勝,,,CL,ベスト4,,2026-05-25
2026-27,bundesliga,bayern-munich,開幕,ヴァンサン・コンパニ,,,,,,,,,2026-07-16
1990-91,ligue-1,paris-saint-germain,9位,,,,,,,,,,
1991-92,ligue-1,paris-saint-germain,3位,,,,,,,,,,
1992-93,ligue-1,paris-saint-germain,2位,,,,,,,,,,
1993-94,ligue-1,paris-saint-germain,優勝,,,,,,,,,,
1994-95,ligue-1,paris-saint-germain,3位,,,,,,,,,,
1995-96,ligue-1,paris-saint-germain,2位,,,,,,,,,,
1996-97,ligue-1,paris-saint-germain,2位,,,,,,,,,,
1997-98,ligue-1,paris-saint-germain,8位,,,,,,,,,,
1998-99,ligue-1,paris-saint-germain,9位,,,,,,,,,,
1999-00,ligue-1,paris-saint-germain,2位,,,,,,,,,,
2000-01,ligue-1,paris-saint-germain,9位,,,,,,,,,,
2001-02,ligue-1,paris-saint-germain,4位,,,,,,,,,,
2002-03,ligue-1,paris-saint-germain,11位,,,,,,,,,,
2003-04,ligue-1,paris-saint-germain,2位,,,,,,,,,,
2004-05,ligue-1,paris-saint-germain,9位,,,,,,,,,,
2005-06,ligue-1,paris-saint-germain,9位,,,,,,,,,,
2006-07,ligue-1,paris-saint-germain,15位,,,,,,,,,,
2007-08,ligue-1,paris-saint-germain,16位,,,,,,,,,,
2008-09,ligue-1,paris-saint-germain,6位,,,,,,,,,,
2009-10,ligue-1,paris-saint-germain,13位,,,,,,,,,,
2010-11,ligue-1,paris-saint-germain,4位,アントワーヌ・コンブアレ,,クープ・ドゥ・フランス,🥈準優勝,,,EL,ベスト16,,2026-05-25
2011-12,ligue-1,paris-saint-germain,2位,カルロ・アンチェロッティ ⇐ アントワーヌ・コンブアレ,,クープ・ドゥ・フランス,準々決勝敗退,,,EL,GS敗退,,2026-05-25
2012-13,ligue-1,paris-saint-germain,優勝,カルロ・アンチェロッティ,,クープ・ドゥ・フランス,準々決勝敗退,,,CL,ベスト8,,2026-05-25
2013-14,ligue-1,paris-saint-germain,優勝,ローラン・ブラン,,クープ・ドゥ・フランス,ベスト32,,,CL,ベスト8,,2026-05-25
2014-15,ligue-1,paris-saint-germain,優勝,ローラン・ブラン,,クープ・ドゥ・フランス,🥇優勝,,,CL,ベスト8,,2026-05-25
2015-16,ligue-1,paris-saint-germain,優勝,ローラン・ブラン,,クープ・ドゥ・フランス,🥇優勝,,,CL,ベスト8,,2026-05-25
2016-17,ligue-1,paris-saint-germain,2位,ウナイ・エメリ,,クープ・ドゥ・フランス,🥇優勝,,,CL,ベスト16,,2026-05-25
2017-18,ligue-1,paris-saint-germain,優勝,ウナイ・エメリ,,クープ・ドゥ・フランス,🥇優勝,,,CL,ベスト16,,2026-05-25
2018-19,ligue-1,paris-saint-germain,優勝,トーマス・トゥヘル,,クープ・ドゥ・フランス,🥈準優勝,,,CL,ベスト16,,2026-05-25
2019-20,ligue-1,paris-saint-germain,優勝,トーマス・トゥヘル,,クープ・ドゥ・フランス,🥇優勝,,,CL,🥈準優勝,,2026-05-25
2020-21,ligue-1,paris-saint-germain,2位,マウリシオ・ポチェッティーノ ⇐ トーマス・トゥヘル,,クープ・ドゥ・フランス,🥇優勝,,,CL,ベスト4,,2026-05-25
2021-22,ligue-1,paris-saint-germain,優勝,マウリシオ・ポチェッティーノ,,クープ・ドゥ・フランス,ベスト16,,,CL,ベスト16,,2026-05-25
2022-23,ligue-1,paris-saint-germain,優勝,クリストフ・ガルティエ,,クープ・ドゥ・フランス,ベスト16,,,CL,ベスト16,,2026-05-25
2023-24,ligue-1,paris-saint-germain,優勝,ルイス・エンリケ,,クープ・ドゥ・フランス,🥇優勝,,,CL,ベスト4,,2026-05-25
2024-25,ligue-1,paris-saint-germain,優勝,ルイス・エンリケ,,クープ・ドゥ・フランス,🥇優勝,,,CL,🥇優勝,,2026-05-25
2025-26,ligue-1,paris-saint-germain,優勝,ルイス・エンリケ,,クープ・ドゥ・フランス,ベスト32,,,CL,🥇優勝,,2026-05-25
2026-27,ligue-1,paris-saint-germain,開幕,ルイス・エンリケ,,,,,,,,,2026-07-15
1990-91,serie-a,milan,2位,,,,,,,,,,
1991-92,serie-a,milan,優勝,,,,,,,,,,
1992-93,serie-a,milan,優勝,,,,,,,,,,
1993-94,serie-a,milan,優勝,,,,,,,,,,
1994-95,serie-a,milan,4位,,,,,,,,,,
1995-96,serie-a,milan,優勝,,,,,,,,,,
1996-97,serie-a,milan,11位,,,,,,,,,,
1997-98,serie-a,milan,10位,ファビオ・カペッロ,,コッパ・イタリア,🥈準優勝,,,,,,2026-05-25
1998-99,serie-a,milan,優勝,アルベルト・ザッケローニ,,コッパ・イタリア,ベスト16,,,,,,2026-05-25
1999-00,serie-a,milan,3位,アルベルト・ザッケローニ,,コッパ・イタリア,ベスト8,,,CL,1次L敗退,,2026-05-25
2000-01,serie-a,milan,6位,チェーザレ・マルディーニ ⇐ アルベルト・ザッケローニ,,コッパ・イタリア,ベスト4,,,CL,2次L敗退,,2026-05-25
2001-02,serie-a,milan,4位,カルロ・アンチェロッティ ⇐ ファティ・テリム,,コッパ・イタリア,ベスト4,,,UEFAカップ,ベスト4,,2026-05-25
2002-03,serie-a,milan,3位,カルロ・アンチェロッティ,,コッパ・イタリア,🥇優勝,,,CL,🥇優勝,,2026-05-25
2003-04,serie-a,milan,優勝,カルロ・アンチェロッティ,,コッパ・イタリア,ベスト4,,,CL,ベスト8,,2026-05-25
2004-05,serie-a,milan,2位,カルロ・アンチェロッティ,,コッパ・イタリア,ベスト8,,,CL,🥈準優勝,,2026-05-25
2005-06,serie-a,milan,3位,カルロ・アンチェロッティ,,コッパ・イタリア,ベスト8,,,CL,ベスト4,,2026-05-25
2006-07,serie-a,milan,4位,カルロ・アンチェロッティ,,コッパ・イタリア,ベスト4,,,CL,🥇優勝,,2026-05-25
2007-08,serie-a,milan,5位,カルロ・アンチェロッティ,,コッパ・イタリア,ベスト16,,,CL,ベスト16,,2026-05-25
2008-09,serie-a,milan,3位,カルロ・アンチェロッティ,,コッパ・イタリア,ベスト16,,,UEFAカップ,ベスト32,,2026-05-25
2009-10,serie-a,milan,3位,レオナルド,,コッパ・イタリア,ベスト8,,,CL,ベスト16,,2026-05-25
2010-11,serie-a,milan,優勝,マッシミリアーノ・アッレグリ,,コッパ・イタリア,ベスト4,,,CL,ベスト16,,2026-05-25
2011-12,serie-a,milan,2位,マッシミリアーノ・アッレグリ,,コッパ・イタリア,ベスト4,,,CL,ベスト8,,2026-05-25
2012-13,serie-a,milan,3位,マッシミリアーノ・アッレグリ,,コッパ・イタリア,ベスト8,,,CL,ベスト16,,2026-05-25
2013-14,serie-a,milan,8位,クラレンス・セードルフ ⇐ マッシミリアーノ・アッレグリ,,コッパ・イタリア,ベスト8,,,CL,ベスト16,,2026-05-25
2014-15,serie-a,milan,10位,フィリッポ・インザーギ,,コッパ・イタリア,ベスト8,,,,,,2026-05-25
2015-16,serie-a,milan,7位,クリスティアン・ブロッキ ⇐ シニシャ・ミハイロヴィチ,,コッパ・イタリア,🥈準優勝,,,,,,2026-05-25
2016-17,serie-a,milan,6位,ヴィンチェンツォ・モンテッラ,,コッパ・イタリア,ベスト8,,,,,,2026-05-25
2017-18,serie-a,milan,6位,ジェンナーロ・ガットゥーゾ ⇐ ヴィンチェンツォ・モンテッラ,,コッパ・イタリア,🥈準優勝,,,EL,ベスト16,,2026-05-25
2018-19,serie-a,milan,5位,ジェンナーロ・ガットゥーゾ,,コッパ・イタリア,ベスト4,,,EL,GS敗退,,2026-05-25
2019-20,serie-a,milan,6位,ステファノ・ピオリ ⇐ マルコ・ジャンパオロ,,コッパ・イタリア,ベスト4,,,,,,2026-05-25
2020-21,serie-a,milan,2位,ステファノ・ピオリ,,コッパ・イタリア,ベスト8,,,EL,ベスト16,,2026-05-25
2021-22,serie-a,milan,優勝,ステファノ・ピオリ,,コッパ・イタリア,ベスト4,,,CL,GS敗退,,2026-05-25
2022-23,serie-a,milan,4位,ステファノ・ピオリ,,コッパ・イタリア,ベスト16,,,CL,ベスト4,,2026-05-25
2023-24,serie-a,milan,2位,ステファノ・ピオリ,,コッパ・イタリア,ベスト8,,,EL,ベスト8（⇐CLGS）,,2026-05-25
2024-25,serie-a,milan,8位,セルジオ・コンセイソン ⇐ パウロ・フォンセカ,,コッパ・イタリア,🥈準優勝,,,CL,KOフェーズPO敗退,,2026-05-25
2025-26,serie-a,milan,5位,マッシミリアーノ・アッレグリ,,コッパ・イタリア,ベスト16,,,,,,2026-05-25
2026-27,serie-a,milan,開幕,ルベン・アモリム,,,,,,,,,2026-07-17
1990-91,serie-a,juventus,7位,ルイジ・マイフレディ,,,,,,,,,
1991-92,serie-a,juventus,2位,ジョヴァンニ・トラパットーニ,,,,,,,,,
1992-93,serie-a,juventus,4位,ジョヴァンニ・トラパットーニ,,,,,,,,,
1993-94,serie-a,juventus,2位,ジョヴァンニ・トラパットーニ,,,,,,,,,
1994-95,serie-a,juventus,優勝,マルチェロ・リッピ,,,,,,,,,
1995-96,serie-a,juventus,2位,マルチェロ・リッピ,,,,,,,,,
1996-97,serie-a,juventus,優勝,マルチェロ・リッピ,,,,,,,,,
1997-98,serie-a,juventus,優勝,マルチェロ・リッピ,,コッパ・イタリア,ベスト4,,,CL,🥈準優勝,,2026-05-25
1998-99,serie-a,juventus,7位,カルロ・アンチェロッティ ⇐ マルチェロ・リッピ,,コッパ・イタリア,ベスト8,,,CL,ベスト4,,2026-05-25
1999-00,serie-a,juventus,2位,カルロ・アンチェロッティ,,コッパ・イタリア,ベスト8,,,UEFAカップ,ベスト16,,2026-05-25
2000-01,serie-a,juventus,2位,カルロ・アンチェロッティ,,コッパ・イタリア,ベスト16,,,CL,GL敗退,,2026-05-25
2001-02,serie-a,juventus,優勝,マルチェロ・リッピ,,コッパ・イタリア,🥈準優勝,,,CL,2次GL敗退,,2026-05-25
2002-03,serie-a,juventus,優勝,マルチェロ・リッピ,,コッパ・イタリア,ベスト8,,,CL,🥈準優勝,,2026-05-25
2003-04,serie-a,juventus,3位,マルチェロ・リッピ,,コッパ・イタリア,🥈準優勝,,,CL,ベスト16,,2026-05-25
2004-05,serie-a,juventus,※カルチョーポリ,ファビオ・カペッロ,,コッパ・イタリア,ベスト16,,,CL,ベスト8,,2026-05-25
2005-06,serie-a,juventus,※カルチョーポリ,ファビオ・カペッロ,,コッパ・イタリア,ベスト8,,,CL,ベスト8,,2026-05-25
2006-07,serie-a,juventus,セリエB,ディディエ・デシャン,,コッパ・イタリア,3回戦,,,,,,2026-05-25
2007-08,serie-a,juventus,3位,クラウディオ・ラニエリ,,コッパ・イタリア,ベスト8,,,,,,2026-05-25
2008-09,serie-a,juventus,2位,チロ・フェラーラ ⇐ クラウディオ・ラニエリ,,コッパ・イタリア,ベスト4,,,CL,ベスト16,,2026-05-25
2009-10,serie-a,juventus,7位,アルベルト・ザッケローニ ⇐ チロ・フェラーラ,,コッパ・イタリア,ベスト8,,,CL,ベスト16（⇐CLGS）,,2026-05-25
2010-11,serie-a,juventus,7位,ルイジ・デルネーリ,,コッパ・イタリア,ベスト8,,,EL,GS敗退,,2026-05-25
2011-12,serie-a,juventus,優勝,アントニオ・コンテ,,コッパ・イタリア,🥈準優勝,,,,,,2026-05-25
2012-13,serie-a,juventus,優勝,アントニオ・コンテ,,コッパ・イタリア,ベスト4,,,CL,ベスト8,,2026-05-25
2013-14,serie-a,juventus,優勝,アントニオ・コンテ,,コッパ・イタリア,ベスト8,,,EL,ベスト4（⇐CLGS）,,2026-05-25
2014-15,serie-a,juventus,優勝,マッシミリアーノ・アッレグリ,,コッパ・イタリア,🥇優勝,,,CL,🥈準優勝,,2026-05-25
2015-16,serie-a,juventus,優勝,マッシミリアーノ・アッレグリ,,コッパ・イタリア,🥇優勝,,,CL,ベスト16,,2026-05-25
2016-17,serie-a,juventus,優勝,マッシミリアーノ・アッレグリ,,コッパ・イタリア,🥇優勝,,,CL,🥈準優勝,,2026-05-25
2017-18,serie-a,juventus,優勝,マッシミリアーノ・アッレグリ,,コッパ・イタリア,🥇優勝,,,CL,ベスト8,,2026-05-25
2018-19,serie-a,juventus,優勝,マッシミリアーノ・アッレグリ,,コッパ・イタリア,ベスト8,,,CL,ベスト8,,2026-05-25
2019-20,serie-a,juventus,優勝,マウリツィオ・サッリ,,コッパ・イタリア,🥈準優勝,,,CL,ベスト16,,2026-05-25
2020-21,serie-a,juventus,4位,アンドレア・ピルロ,,コッパ・イタリア,🥇優勝,,,CL,ベスト16,,2026-05-25
2021-22,serie-a,juventus,4位,マッシミリアーノ・アッレグリ,,コッパ・イタリア,🥈準優勝,,,CL,ベスト16,,2026-05-25
2022-23,serie-a,juventus,7位,マッシミリアーノ・アッレグリ,,コッパ・イタリア,ベスト4,,,EL,ベスト4（⇐CLGS）,,2026-05-25
2023-24,serie-a,juventus,3位,マッシミリアーノ・アッレグリ,,コッパ・イタリア,🥇優勝,,,ECL,出場圏剥奪（FFP）,,2026-05-25
2024-25,serie-a,juventus,4位,イゴール・トゥドール ⇐ ティアゴ・モッタ,,コッパ・イタリア,ベスト8,,,CL,KOフェーズPO敗退,,2026-05-25
2025-26,serie-a,juventus,6位,ルチアーノ・スパレッティ ⇐ イゴール・トゥドール,,コッパ・イタリア,ベスト8,,,CL,KOフェーズPO敗退,,2026-05-25
2026-27,serie-a,juventus,開幕,ルチアーノ・スパレッティ,,,,,,,,,2026-07-28
1990-91,serie-a,inter,3位,,,,,,,,,,
1991-92,serie-a,inter,8位,,,,,,,,,,
1992-93,serie-a,inter,2位,,,,,,,,,,
1993-94,serie-a,inter,13位,,,,,,,,,,
1994-95,serie-a,inter,6位,,,,,,,,,,
1995-96,serie-a,inter,7位,,,,,,,,,,
1996-97,serie-a,inter,3位,,,,,,,,,,
1997-98,serie-a,inter,2位,,,コッパ・イタリア,ベスト8,,,UEFAカップ,🥇優勝,,2026-05-25
1998-99,serie-a,inter,8位,,,コッパ・イタリア,ベスト4,,,CL,ベスト8,,2026-05-25
1999-00,serie-a,inter,4位,マルチェロ・リッピ,,コッパ・イタリア,🥈準優勝,,,,,,2026-05-25
2000-01,serie-a,inter,5位,マルコ・タルデッリ,,コッパ・イタリア,ベスト8,,,UEFAカップ,4回戦敗退（⇐CL3回戦）,,2026-05-25
2001-02,serie-a,inter,3位,エクトル・クーペル,,コッパ・イタリア,ベスト16,,,UEFAカップ,ベスト4,,2026-05-25
2002-03,serie-a,inter,2位,エクトル・クーペル,,コッパ・イタリア,ベスト16,,,CL,ベスト4,,2026-05-25
2003-04,serie-a,inter,4位,アルベルト・ザッケローニ ⇐ エクトル・クーペル,,コッパ・イタリア,ベスト4,,,UEFAカップ,ベスト8（⇐CLGS）,,2026-05-25
2004-05,serie-a,inter,3位,ロベルト・マンチーニ,,コッパ・イタリア,🥇優勝,,,CL,ベスト8,,2026-05-25
2005-06,serie-a,inter,優勝(繰上),ロベルト・マンチーニ,,コッパ・イタリア,🥇優勝,,,CL,ベスト8,,2026-05-25
2006-07,serie-a,inter,優勝,ロベルト・マンチーニ,,コッパ・イタリア,🥈準優勝,,,CL,ベスト16,,2026-05-25
2007-08,serie-a,inter,優勝,ロベルト・マンチーニ,,コッパ・イタリア,🥈準優勝,,,CL,ベスト16,,2026-05-25
2008-09,serie-a,inter,優勝,ジョゼ・モウリーニョ,,コッパ・イタリア,ベスト4,,,CL,ベスト16,,2026-05-25
2009-10,serie-a,inter,優勝,ジョゼ・モウリーニョ,,コッパ・イタリア,🥇優勝,,,CL,🥇優勝,,2026-05-25
2010-11,serie-a,inter,2位,レオナルド ⇐ ラファエル・ベニテス,,コッパ・イタリア,🥇優勝,,,CL,ベスト8,,2026-05-25
2011-12,serie-a,inter,6位,アンドレア・ストラマッチョーニ ⇐ クラウディオ・ラニエリ,,コッパ・イタリア,ベスト8,,,CL,ベスト16,,2026-05-25
2012-13,serie-a,inter,9位,アンドレア・ストラマッチョーニ,,コッパ・イタリア,ベスト4,,,EL,ベスト16,,2026-05-25
2013-14,serie-a,inter,5位,ワルテル・マッツァーリ,,コッパ・イタリア,ベスト16,,,,,,2026-05-25
2014-15,serie-a,inter,8位,ロベルト・マンチーニ ⇐ ワルテル・マッツァーリ,,コッパ・イタリア,ベスト8,,,EL,ベスト16,,2026-05-25
2015-16,serie-a,inter,4位,ロベルト・マンチーニ,,コッパ・イタリア,ベスト4,,,,,,2026-05-25
2016-17,serie-a,inter,7位,ステファノ・ヴェッキ ⇐ ステファノ・ピオリ ⇐ フランク・デ・ブール ,,コッパ・イタリア,ベスト8,,,EL,GS敗退（⇐CLGS）,,2026-05-25
2017-18,serie-a,inter,4位,ルチアーノ・スパレッティ,,コッパ・イタリア,ベスト8,,,,,,2026-05-25
2018-19,serie-a,inter,4位,ルチアーノ・スパレッティ,,コッパ・イタリア,ベスト8,,,EL,ベスト16（⇐CLGS）,,2026-05-25
2019-20,serie-a,inter,2位,アントニオ・コンテ,,コッパ・イタリア,ベスト4,,,EL,🥈準優勝（⇐CLGS）,,2026-05-25
2020-21,serie-a,inter,優勝,アントニオ・コンテ,,コッパ・イタリア,ベスト4,,,CL,GS敗退,,2026-05-25
2021-22,serie-a,inter,2位,シモーネ・インザーギ,,コッパ・イタリア,🥇優勝,,,CL,ベスト16,,2026-05-25
2022-23,serie-a,inter,3位,シモーネ・インザーギ,,コッパ・イタリア,🥇優勝,,,CL,🥈準優勝,,2026-05-25
2023-24,serie-a,inter,優勝,シモーネ・インザーギ,,コッパ・イタリア,ベスト16,,,CL,ベスト16,,2026-05-25
2024-25,serie-a,inter,2位,シモーネ・インザーギ,,コッパ・イタリア,ベスト4,,,CL,🥈準優勝,,2026-05-25
2025-26,serie-a,inter,優勝,クリスティアン・キブ,,コッパ・イタリア,🥇優勝,,,CL,KOフェーズPO敗退,,2026-05-25
2026-27,serie-a,inter,開幕,クリスティアン・キブ,,,,,,,,,2026-07-14
2022-23,premier-league,crystal-palace,11位,ロイ・ホジソン ⇐ パトリック・ヴィエラ,,FAカップ,3回戦敗退,EFLカップ,3回戦敗退,,,,2026-05-28
2023-24,premier-league,crystal-palace,10位,オリヴァー・グラスナー ⇐ ロイ・ホジソン,,FAカップ,3回戦敗退,EFLカップ,3回戦敗退,,,,2026-05-28
2024-25,premier-league,crystal-palace,12位,オリヴァー・グラスナー,,FAカップ,🥇優勝,EFLカップ,準々決勝敗退,,,,2026-05-28
2025-26,premier-league,crystal-palace,15位,オリヴァー・グラスナー,,FAカップ,3回戦敗退,EFLカップ,準々決勝敗退,ECL,決勝進出,,2026-05-28
2026-27,premier-league,crystal-palace,開幕,ピエール・サージュ,,,,,,,,,2026-08-06
2021-22,premier-league,brighton ,9位,グレアム・ポッター,,FAカップ,4回戦敗退,EFLカップ,4回戦敗退,,,,2026-05-28
2022-23,premier-league,brighton ,6位,ロベルト・デ・ゼルビ,,FAカップ,準決勝敗退,EFLカップ,4回戦敗退,,,,2026-05-28
2023-24,premier-league,brighton ,11位,ロベルト・デ・ゼルビ,,FAカップ,5回戦敗退,EFLカップ,3回戦敗退,EL,ベスト16,,2026-05-28
2024-25,premier-league,brighton ,8位,ロベルト・デ・ゼルビ,,FAカップ,ベスト8,EFLカップ,4回戦敗退,,,,2026-05-28
2025-26,premier-league,brighton ,8位,ファビアン・ヒュルツェラー,,FAカップ,4回戦敗退,EFLカップ,4回戦敗退,,,,2026-05-28
2026-27,premier-league,brighton ,開幕,ファビアン・ヒュルツェラー,,,,,,,,,2026-07-13
2021-22,laliga,real-sociedad,6位,イマノル・アルグアシル,,コパ・デル・レイ,ベスト8,,,EL,PO敗退,,2026-05-28
2022-23,laliga,real-sociedad,4位,イマノル・アルグアシル,,コパ・デル・レイ,ベスト8,,,EL,ベスト16,,2026-05-28
2023-24,laliga,real-sociedad,6位,イマノル・アルグアシル,,コパ・デル・レイ,ベスト4,,,CL,ベスト16,,2026-05-28
2024-25,laliga,real-sociedad,11位,イマノル・アルグアシル,,コパ・デル・レイ,ベスト4,,,EL,ベスト16,,2026-05-28
2025-26,laliga,real-sociedad,10位,ペッレグリーノ・マタラッツォ ⇐ セルヒオ・フランシスコ ,,コパ・デル・レイ,🥇優勝,,,,,,2026-05-28
2020-21,premier-league,aston-villa,11位,ディーン・スミス,,FAカップ,3回戦敗退,EFLカップ,4回戦敗退,,,,2026-05-28
2021-22,premier-league,aston-villa,14位,スティーブン・ジェラード ⇐ ディーン・スミス,,FAカップ,3回戦敗退,EFLカップ,3回戦敗退,,,,2026-05-28
2022-23,premier-league,aston-villa,7位,ウナイ・エメリ ⇐ スティーブン・ジェラード,,FAカップ,3回戦敗退,EFLカップ,3回戦敗退,,,,2026-05-28
2023-24,premier-league,aston-villa,4位,ウナイ・エメリ,,FAカップ,4回戦敗退,EFLカップ,3回戦敗退,EL,ベスト4,,2026-05-28
2024-25,premier-league,aston-villa,6位,ウナイ・エメリ,,FAカップ,ベスト4,EFLカップ,4回戦敗退,CL,ベスト8,,2026-05-28
2025-26,premier-league,aston-villa,4位,ウナイ・エメリ,,FAカップ,4回戦敗退,EFLカップ,3回戦敗退,EL,🥇優勝,,2026-05-28
2026-27,premier-league,aston-villa,開幕,ウナイ・エメリ,,,,,,,,,2026-07-18
2010-11,bundesliga,borussia-dortmund,優勝,ユルゲン・クロップ,,DFBポカール,2回戦敗退,,,EL,GS敗退,,2026-05-29
2011-12,bundesliga,borussia-dortmund,優勝,ユルゲン・クロップ,,DFBポカール,🥇優勝,,,CL,GS敗退,,2026-05-29
2012-13,bundesliga,borussia-dortmund,2位,ユルゲン・クロップ,,DFBポカール,準々決勝敗退,,,CL,🥈準優勝,,2026-05-29
2013-14,bundesliga,borussia-dortmund,2位,ユルゲン・クロップ,,DFBポカール,🥈準優勝,,,CL,ベスト8,,2026-05-29
2014-15,bundesliga,borussia-dortmund,7位,ユルゲン・クロップ,,DFBポカール,🥈準優勝,,,CL,ベスト16,,2026-05-29
2015-16,bundesliga,borussia-dortmund,2位,トーマス・トゥヘル,,DFBポカール,🥈準優勝,,,EL,ベスト8,,2026-05-29
2016-17,bundesliga,borussia-dortmund,3位,トーマス・トゥヘル,,DFBポカール,🥇優勝,,,CL,ベスト8,,2026-05-29
2017-18,bundesliga,borussia-dortmund,4位,ペーター・シュテーガー ⇐ ピーター・ボス,,DFBポカール,3回戦敗退,,,EL,ベスト16（⇐CLGS）,,2026-05-29
2018-19,bundesliga,borussia-dortmund,2位,リュシアン・ファーヴル,,DFBポカール,3回戦敗退,,,CL,ベスト16,,2026-05-29
2019-20,bundesliga,borussia-dortmund,2位,リュシアン・ファーヴル,,DFBポカール,3回戦敗退,,,CL,ベスト16,,2026-05-29
2020-21,bundesliga,borussia-dortmund,3位,エディン・テルジッチ ⇐ リュシアン・ファーヴル,,DFBポカール,優勝,,,CL,ベスト8,,2026-05-29
2021-22,bundesliga,borussia-dortmund,2位,マルコ・ローゼ,,DFBポカール,🥇優勝,,,EL,PO敗退（⇐CLGS）,,2026-05-29
2022-23,bundesliga,borussia-dortmund,2位,マルコ・ローゼ,,DFBポカール,準々決勝,,,CL,ベスト16,,2026-05-29
2023-24,bundesliga,borussia-dortmund,5位,エディン・テルジッチ,,DFBポカール,ベスト16,,,CL,🥈準優勝,,2026-05-29
2024-25,bundesliga,borussia-dortmund,6位,ニコ・コヴァチ ⇐ ヌリ・シャヒン,,DFBポカール,2回戦敗退,,,CL,ベスト8,,2026-05-29
2025-26,bundesliga,borussia-dortmund,2位,ニコ・コヴァチ,,DFBポカール,ベスト16,,,CL,KOフェーズPO敗退,,2026-05-29
2026-27,bundesliga,borussia-dortmund,開幕,ニコ・コヴァチ,,,,,,,,,2026-08-18
2019-20,bundesliga,bayer-leverkusen,5位,ピーター・ボス ,,DFBポカール,🥈準優勝,,,EL,ベスト8（⇐CLGS）,,2026-05-29
2020-21,bundesliga,bayer-leverkusen,6位,ハンネス・ヴォルフ ⇐ ピーター・ボス ,,DFBポカール,ベスト16,,,EL,ベスト32,,2026-05-29
2021-22,bundesliga,bayer-leverkusen,3位,ジェラルド・セオアネ,,DFBポカール,2回戦敗退,,,EL,ベスト16,,2026-05-29
2022-23,bundesliga,bayer-leverkusen,6位,シャビ・アロンソ  ⇐ ジェラルド・セオアネ,,DFBポカール,1回戦敗退,,,EL,ベスト4（⇐CLGS）,,2026-05-29
2023-24,bundesliga,bayer-leverkusen,優勝,シャビ・アロンソ ,,DFBポカール,🥇優勝,,,EL,🥈準優勝,,2026-05-29
2024-25,bundesliga,bayer-leverkusen,2位,シャビ・アロンソ ,,DFBポカール,ベスト4,,,CL,ベスト16,,2026-05-29
2025-26,bundesliga,bayer-leverkusen,6位,カスパー・ヒュルマンド ⇐ エリック・テン・ハフ,,DFBポカール,ベスト4,,,CL,ベスト16,,2026-05-29
2022-23,bundesliga,freiburg,5位,クリスティアン・シュトライヒ,,DFBポカール,ベスト4,,,,,,2026-05-29
2023-24,bundesliga,freiburg,10位,クリスティアン・シュトライヒ,,DFBポカール,2回戦敗退,,,EL,ベスト16,,2026-05-29
2024-25,bundesliga,freiburg,5位,ユリアン・シュスター,,DFBポカール,ベスト16敗退,,,,,,2026-05-29
2025-26,bundesliga,freiburg,7位,ユリアン・シュスター,,DFBポカール,ベスト4,,,EL,🥈準優勝,,2026-05-29
2026-27,bundesliga,freiburg,,ユリアン・シュスター,,,,,,,,,2026-07-28
2010-11,bundesliga,stuttgart,12位,ブルーノ・ラッバディア ⇐ イェンス・ケラー ⇐ クリスティアン・グロス,,DFBポカール,ベスト16,,,EL,ベスト32,,2026-05-29
2011-12,bundesliga,stuttgart,6位,ブルーノ・ラッバディア,,DFBポカール,ベスト8,,,,,,2026-05-29
2012-13,bundesliga,stuttgart,12位,ブルーノ・ラッバディア,,DFBポカール,🥈準優勝,,,EL,ベスト16,,2026-05-29
2013-14,bundesliga,stuttgart,15位,フーブ・ステフェンス ⇐ トーマス・シュナイダー,,DFBポカール,2回戦敗退,,,EL,PO敗退,,2026-05-29
2014-15,bundesliga,stuttgart,14位,フーブ・ステフェンス ⇐ アルミン・フェー,,DFBポカール,1回戦敗退,,,,,,2026-05-29
2015-16,bundesliga,stuttgart,17位,ユルゲン・クラムニー ⇐ アレクサンダー・ツォルニガー,,DFBポカール,ベスト16,,,,,,2026-05-29
2016-17,bundesliga,stuttgart,２部1位,ハネス・ヴォルフ,,DFBポカール,2回戦敗退,,,,,,2026-05-29
2017-18,bundesliga,stuttgart,7位,タイフン・コルクット ⇐ハネス・ヴォルフ,,DFBポカール,ベスト16,,,,,,2026-05-29
2018-19,bundesliga,stuttgart,16位,ニコ・ヴィリグ ⇐ マルクス・ヴァインツィール ⇐ タイフン・コルクット,,DFBポカール,1回戦敗退,,,,,,2026-05-29
2019-20,bundesliga,stuttgart,２部2位,ペレグリン・マタラッツォ ⇐ (暫定)ニコ・ヴィリグ ⇐ ティム・ヴァルター,,DFBポカール,ベスト16,,,,,,2026-05-29
2020-21,bundesliga,stuttgart,9位,ペレグリン・マタラッツォ,,DFBポカール,ベスト16,,,,,,2026-05-29
2021-22,bundesliga,stuttgart,15位,ペレグリン・マタラッツォ,,DFBポカール,2回戦敗退,,,,,,2026-05-29
2022-23,bundesliga,stuttgart,16位,セバスティアン・ヘーネス ⇐ ブルーノ・ラッバディア ⇐ (暫定)ミヒャエル・ヴィマー ⇐ ペレグリン・マタラッツォ,,DFBポカール,ベスト4,,,,,,2026-05-29
2023-24,bundesliga,stuttgart,2位,セバスティアン・ヘーネス,,DFBポカール,ベスト8,,,,,,2026-05-29
2024-25,bundesliga,stuttgart,9位,セバスティアン・ヘーネス,,DFBポカール,🥇優勝,,,CL,リーグフェーズ敗退,,2026-05-29
2025-26,bundesliga,stuttgart,4位,セバスティアン・ヘーネス,,DFBポカール,🥈準優勝,,,,,,2026-05-29
2013-14,bundesliga,mainz,7位,トーマス・トゥヘル,,DFBポカール,2回戦敗退,,,,,,2026-05-29
2014-15,bundesliga,mainz,11位,マルティン・シュミット ⇐ カスパー・ヒュルマンド,,DFBポカール,1回戦敗退,,,,,,2026-05-29
2015-16,bundesliga,mainz,6位,マルティン・シュミット,,DFBポカール,2回戦敗退,,,,,,2026-05-29
2016-17,bundesliga,mainz,15位,マルティン・シュミット,,DFBポカール,2回戦敗退,,,,,,2026-05-29
2017-18,bundesliga,mainz,14位,サンドロ・シュバルツ,,DFBポカール,ベスト8,,,,,,2026-05-29
2018-19,bundesliga,mainz,12位,ヤン＝モリッツ・リヒテ ⇐ サンドロ・シュバルツ,,DFBポカール,2回戦敗退,,,,,,2026-05-29
2019-20,bundesliga,mainz,13位,アヒム・バイアーロルツァー ⇐ ヤン＝モリッツ・リヒテ,,DFBポカール,1回戦敗退,,,,,,2026-05-29
2020-21,bundesliga,mainz,12位,ボー・スヴェンソン ⇐ ヤン・ジーヴェルト ⇐ ヤン＝モリッツ・リヒテ ⇐ アヒム・バイアーロルツァー,,DFBポカール,2回戦敗退,,,,,,2026-05-29
2021-22,bundesliga,mainz,8位,ボー・スヴェンソン,,DFBポカール,ベスト16,,,,,,2026-05-29
2022-23,bundesliga,mainz,9位,ボー・スヴェンソン,,DFBポカール,ベスト16,,,,,,2026-05-29
2023-24,bundesliga,mainz,13位,ボー・ヘンリクセン ⇐ ヤン・ジーヴェルト ⇐ ボー・スヴェンソン,,DFBポカール,2回戦敗退,,,,,,2026-05-29
2024-25,bundesliga,mainz,6位,ボー・ヘンリクセン,,DFBポカール,2回戦敗退,,,,,,2026-05-29
2025-26,bundesliga,mainz,10位,ウルス・フィッシャー,,DFBポカール,2回戦敗退,,,ECL,ベスト8,,2026-05-29
2021-22,bundesliga,borussia-monchengladbach,10位,アドルフ・ヒュッター,,DFBポカール,ベスト16,,,,,,2026-05-29
2022-23,bundesliga,borussia-monchengladbach,10位,ダニエル・ファルケ ,,DFBポカール,2回戦敗退,,,,,,2026-05-29
2023-24,bundesliga,borussia-monchengladbach,14位,ジェラルド・セオアネ ,,DFBポカール,ベスト8,,,,,,2026-05-29
2024-25,bundesliga,borussia-monchengladbach,10位,ジェラルド・セオアネ ,,DFBポカール,2回戦敗退,,,,,,2026-05-29
2025-26,bundesliga,borussia-monchengladbach,12位,オイゲン・ポランスキ ⇐ ジェラルド・セオアネ ,,DFBポカール,ベスト16,,,,,,2026-05-29
2026-27,bundesliga,borussia-monchengladbach,開幕,オイゲン・ポランスキ,,,,,,,,,2026-08-19
2014-15,bundesliga,eintracht-frankfurt,9位,トーマス・シャーフ,,DFBポカール,2回戦敗退,,,,,,2026-05-29
2015-16,bundesliga,eintracht-frankfurt,16位,ニコ・コヴァチ ⇐ アルミン・フェー,,DFBポカール,2回戦敗退,,,,,,2026-05-29
2016-17,bundesliga,eintracht-frankfurt,11位,ニコ・コヴァチ,,DFBポカール,🥈準優勝,,,,,,2026-05-29
2017-18,bundesliga,eintracht-frankfurt,8位,ニコ・コヴァチ,,DFBポカール,🥇優勝,,,,,,2026-05-29
2018-19,bundesliga,eintracht-frankfurt,7位,アドルフ・ヒュッター,,DFBポカール,1回戦敗退,,,EL,ベスト8,,2026-05-29
2019-20,bundesliga,eintracht-frankfurt,9位,アドルフ・ヒュッター,,DFBポカール,ベスト4,,,EL,ベスト16,,2026-05-29
2020-21,bundesliga,eintracht-frankfurt,5位,アドルフ・ヒュッター,,DFBポカール,2回戦敗退,,,,,,2026-05-29
2021-22,bundesliga,eintracht-frankfurt,11位,オリヴァー・グラスナー,,DFBポカール,1回戦敗退,,,EL,🥇優勝,,2026-05-29
2022-23,bundesliga,eintracht-frankfurt,7位,オリヴァー・グラスナー,,DFBポカール,🥈準優勝,,,CL,ベスト16,,2026-05-29
2023-24,bundesliga,eintracht-frankfurt,6位,ディノ・トップメラー,,DFBポカール,ベスト16,,,ECL,PO敗退,,2026-05-29
2024-25,bundesliga,eintracht-frankfurt,3位,ディノ・トップメラー,,DFBポカール,ベスト16,,,EL,ベスト8,,2026-05-29
2025-26,bundesliga,eintracht-frankfurt,8位,アルベルト・リエラ ⇐ デニス・シュミット  ⇐ ディノ・トップメラー,,DFBポカール,2回戦敗退,,,CL,リーグフェーズ敗退,,2026-05-29
2026-27,bundesliga,eintracht-frankfurt,開幕,アドルフ・ヒュッター,,,,,,,,,2026-07-28
2015-16,bundesliga,rb-leipzig,2部2位,ラルフ・ラングニック,,DFBポカール,2回戦敗退,,,,,,
2016-17,bundesliga,rb-leipzig,2位,ラルフ・ハーゼンヒュットル,,DFBポカール,1回戦敗退,,,,,,2026-05-29
2017-18,bundesliga,rb-leipzig,6位,ラルフ・ハーゼンヒュットル,,DFBポカール,2回戦敗退,,,EL,ベスト8（⇐CLGS）,,2026-05-29
2018-19,bundesliga,rb-leipzig,3位,ラルフ・ラングニック,,DFBポカール,🥈準優勝,,,EL,GS敗退,,2026-05-29
2019-20,bundesliga,rb-leipzig,3位,ユリアン・ナーゲルスマン,,DFBポカール,ベスト16,,,CL,ベスト4,,2026-05-29
2020-21,bundesliga,rb-leipzig,2位,ユリアン・ナーゲルスマン,,DFBポカール,🥈準優勝,,,CL,ベスト16,,2026-05-29
2021-22,bundesliga,rb-leipzig,4位,ドメニコ・テデスコ ⇐ ジェシー・マーシュ,,DFBポカール,🥇優勝,,,EL,ベスト4（⇐CLGS）,,2026-05-29
2022-23,bundesliga,rb-leipzig,3位,マルコ・ローゼ,,DFBポカール,🥇優勝,,,CL,ベスト16,,2026-05-29
2023-24,bundesliga,rb-leipzig,4位,マルコ・ローゼ,,DFBポカール,2回戦敗退,,,CL,ベスト16,,2026-05-29
2024-25,bundesliga,rb-leipzig,7位,(暫定)ジョルト・レーヴ ⇐ マルコ・ローゼ,,DFBポカール,ベスト4,,,CL,リーグフェーズ敗退,,2026-05-29
2025-26,bundesliga,rb-leipzig,3位,オーレ・ヴェルナー,,DFBポカール,ベスト8,,,,,,2026-05-29
2026-27,premier-league,ipswich,開幕,ガリー・オニール,,,,,,,,,2026-07-28
2026-27,premier-league,hull-city,開幕,セルゲイ・ヤキロヴィッチ,,,,,,,,,2026-07-28
2017-18,premier-league,newcastle-united,10位,ラファエル・ベニテス,,FAカップ,4回戦,EFLカップ,2回戦,,,,2026-07-28
2018-19,premier-league,newcastle-united,13位,ラファエル・ベニテス,,FAカップ,4回戦,EFLカップ,2回戦,,,,2026-07-28
2019-20,premier-league,newcastle-united,13位,スティーヴ・ブルース ,,FAカップ,ベスト8,EFLカップ,2回戦,,,,2026-07-28
2020-21,premier-league,newcastle-united,12位,スティーヴ・ブルース ,,FAカップ,3回戦,EFLカップ,ベスト8,,,,2026-07-28
2021-22,premier-league,newcastle-united,11位,エディ・ハウ ⇐ スティーヴ・ブルース ,,FAカップ,3回戦,EFLカップ,2回戦,,,,2026-07-28
2022-23,premier-league,newcastle-united,4位,エディ・ハウ,,FAカップ,3回戦,EFLカップ,🥈準優勝,,,,2026-07-28
2023-24,premier-league,newcastle-united,7位,エディ・ハウ,,FAカップ,ベスト8,EFLカップ,ベスト8,CL,GS敗退,,2026-07-28
2024-25,premier-league,newcastle-united,5位,エディ・ハウ,,FAカップ,5回戦,EFLカップ,🥇優勝,CL,ベスト16,,2026-07-28
2025-26,premier-league,newcastle-united,12位,エディ・ハウ,,FAカップ,5回戦,EFLカップ,ベスト4,CL,ベスト16,,2026-07-28
2026-27,premier-league,newcastle-united,開幕,マティアス・ヤイスレ,,,,,,,,,2026-07-28
2023-24,premier-league,leeds-united,CS3位,ダニエル・ファルケ,,FAカップ,5回戦,EFLカップ,2回戦,,,,2026-07-28
2024-25,premier-league,leeds-united,CS優勝,ダニエル・ファルケ,,FAカップ,4回戦,EFLカップ,1回戦,,,,2026-07-28
2025-26,premier-league,leeds-united,14位,ダニエル・ファルケ,,FAカップ,ベスト4,EFLカップ,2回戦,,,,2026-07-28
2026-27,premier-league,leeds-united,開幕,ダニエル・ファルケ,,,,,,,,,2026-07-28
2020-21,premier-league,fulham,18位,スコット・パーカー,,FAカップ,4回戦,EFLカップ,4回戦,,,,2026-07-31
2021-22,premier-league,fulham,CS優勝,マルコ・シウバ,,FAカップ,4回戦,EFLカップ,3回戦,,,,2026-07-31
2022-23,premier-league,fulham,10位,マルコ・シウバ,,FAカップ,ベスト8,EFLカップ,2回戦,,,,2026-07-31
2023-24,premier-league,fulham,13位,マルコ・シウバ,,FAカップ,4回戦,EFLカップ,ベスト4,,,,2026-07-31
2024-25,premier-league,fulham,11位,マルコ・シウバ,,FAカップ,3回戦,EFLカップ,ベスト8,,,,2026-07-31
2025-26,premier-league,fulham,11位,マルコ・シウバ,,FAカップ,5回戦,EFLカップ,ベスト8,,,,2026-07-31
2026-27,premier-league,fulham,開幕,アルバロ・アルベロア,,,,,,,,,2026-07-31
2020-21,premier-league,bournemouth,CS6位,ジョナサン・ウッドゲート ⇐ ジェイソン・ティンダル,,FAカップ,ベスト8,EFLカップ,3回戦,,,,2026-08-03
2021-22,premier-league,bournemouth,CS2位,スコット・パーカー,,FAカップ,4回戦,EFLカップ,2回戦,,,,2026-08-03
2022-23,premier-league,bournemouth,15位,ガリー・オニール ⇐ スコット・パーカー,,FAカップ,3回戦,EFLカップ,4回戦,,,,2026-08-03
2023-24,premier-league,bournemouth,12位,アンドニ・イラオラ,,FAカップ,ベスト16,EFLカップ,ベスト16,,,,2026-08-03
2024-25,premier-league,bournemouth,9位,アンドニ・イラオラ,,FAカップ,ベスト8,EFLカップ,2回戦,,,,2026-08-03
2025-26,premier-league,bournemouth,6位,アンドニ・イラオラ,,FAカップ,3回戦,EFLカップ,2回戦,,,,2026-08-03
2026-27,premier-league,bournemouth,開幕,マルコ・ローゼ,,,,,,,,,2026-08-03
2018-19,eredivisie,psv,2位,マルク・ファン・ボメル,,KNVBカップ,2回戦,,,CL,GS敗退,,2026-08-06
2019-20,eredivisie,psv,4位,ロガー・シュミット ⇐ エルネスト・ファベル ⇐ マルク・ファン・ボメル,,KNVBカップ,ベスト16,,,EL,GS敗退（⇐CL予選2回戦）,,2026-08-06
2020-21,eredivisie,psv,2位,ロガー・シュミット,,KNVBカップ,ベスト8,,,EL,ベスト32,,2026-08-06
2021-22,eredivisie,psv,2位,ロガー・シュミット,,KNVBカップ,🥇優勝,,,ECL,ベスト8（⇐ELGS⇐CLPO）,,2026-08-06
2022-23,eredivisie,psv,2位,フレット・ルッテン ⇐ ルート・ファン・ニステルローイ,,KNVBカップ,🥇優勝,,,EL,KOフェーズPO敗退（⇐CLPO）,,2026-08-06
2023-24,eredivisie,psv,優勝,ピーター・ボス,,KNVBカップ,ベスト16,,,CL,ベスト16,,2026-08-06
2024-25,eredivisie,psv,優勝,ピーター・ボス,,KNVBカップ,ベスト4,,,CL,リーグフェーズ敗退,,2026-08-06
2025-26,eredivisie,psv,優勝,ピーター・ボス,,KNVBカップ,ベスト4,,,CL,リーグフェーズ敗退,,2026-08-06
2026-27,eredivisie,psv,開幕,ピーター・ボス,,,,,,,,,2026-08-06
1997-98,eredivisie,ajax,優勝,モアテン・オルセン,,KNVBカップ,🥇優勝,,,UEFAカップ,ベスト8,,2026-08-06
1998-99,eredivisie,ajax,6位,ヤン・ボウタース ⇐ モアテン・オルセン,,KNVBカップ,🥇優勝,,,CL,GS敗退,,2026-08-06
1999-00,eredivisie,ajax,5位,ハンス・ウェスターホフ ⇐ ヤン・ボウタース,,KNVBカップ,ベスト16,,,UEFAカップ,3回戦,,2026-08-06
2000-01,eredivisie,ajax,3位,コー・アドリアーンセ,,KNVBカップ,ベスト16,,,UEFAカップ,2回戦,,2026-08-06
2001-02,eredivisie,ajax,優勝,ロナルド・クーマン ⇐ コー・アドリアーンセ,,KNVBカップ,🥇優勝,,,UEFAカップ,2回戦（⇐CL予選3回戦）,,2026-08-06
2002-03,eredivisie,ajax,2位,ロナルド・クーマン,,KNVBカップ,ベスト4,,,CL,ベスト8,,2026-08-06
2003-04,eredivisie,ajax,優勝,ロナルド・クーマン,,KNVBカップ,ベスト16,,,CL,GS敗退,,2026-08-06
2004-05,eredivisie,ajax,2位,ロナルド・クーマン,,KNVBカップ,ベスト4,,,UEFAカップ,ベスト32（⇐CLGS）,,2026-08-06
2005-06,eredivisie,ajax,4位,ダニー・ブリント,,KNVBカップ,🥇優勝,,,CL,ベスト16,,2026-08-06
2006-07,eredivisie,ajax,2位,ヘンク・テン・カテ,,KNVBカップ,🥇優勝,,,UEFAカップ,ベスト32（⇐CLGS）,,2026-08-06
2007-08,eredivisie,ajax,2位,アドリー・コスター,,KNVBカップ,4回戦,,,UEFAカップ,1回戦（⇐CL予選3回戦）,,2026-08-06
2008-09,eredivisie,ajax,3位,マルティン・ヨル ⇐ マルコ・ファン・バステン,,KNVBカップ,3回戦,,,UEFAカップ,ベスト16,,2026-08-06
2009-10,eredivisie,ajax,2位,マルティン・ヨル,,KNVBカップ,🥇優勝,,,EL,ベスト32,,2026-08-06
2010-11,eredivisie,ajax,優勝,フランク・デ・ブール ⇐ マルティン・ヨル,,KNVBカップ,🥈準優勝,,,EL,ベスト16（⇐CLGS）,,2026-08-06
2011-12,eredivisie,ajax,優勝,フランク・デ・ブール,,KNVBカップ,4回戦,,,EL,ベスト32（⇐CLGS）,,2026-08-06
2012-13,eredivisie,ajax,優勝,フランク・デ・ブール,,KNVBカップ,ベスト4,,,EL,ベスト32（⇐CLGS）,,2026-08-06
2013-14,eredivisie,ajax,優勝,フランク・デ・ブール,,KNVBカップ,🥈準優勝,,,EL,ベスト32（⇐CLGS）,,2026-08-06
2014-15,eredivisie,ajax,2位,フランク・デ・ブール,,KNVBカップ,ベスト16,,,EL,ベスト16（⇐CLGS）,,2026-08-06
2015-16,eredivisie,ajax,2位,フランク・デ・ブール,,KNVBカップ,3回戦,,,EL,GS敗退（⇐CL予選3回戦）,,2026-08-06
2016-17,eredivisie,ajax,2位,ピーター・ボス,,KNVBカップ,3回戦,,,EL,🥈準優勝（⇐CLPO）,,2026-08-06
2017-18,eredivisie,ajax,2位,エリック・テン・ハフ ⇐ ミハエル・ライツィハー ⇐ マルセル・カイザー,,KNVBカップ,ベスト16,,,EL,PO敗退（⇐CL予選3回戦）,,2026-08-06
2018-19,eredivisie,ajax,優勝,エリック・テン・ハフ,,KNVBカップ,🥇優勝,,,CL,ベスト4,,2026-08-06
2019-20,eredivisie,ajax,1位※,エリック・テン・ハフ,,KNVBカップ,ベスト4,,,EL,ベスト32（⇐CLGS）,,2026-08-06
2020-21,eredivisie,ajax,優勝,エリック・テン・ハフ,,KNVBカップ,🥇優勝,,,EL,ベスト8（⇐CLGS）,,2026-08-06
2021-22,eredivisie,ajax,優勝,エリック・テン・ハフ,,KNVBカップ,🥈準優勝,,,CL,ベスト16,,2026-08-06
2022-23,eredivisie,ajax,3位,ヨン・ハイティンハ ⇐ アルフレト・スフリューデル,,KNVBカップ,🥈準優勝,,,EL,KOフェーズPO敗退（⇐CLGS）,,2026-08-06
2023-24,eredivisie,ajax,5位,ヨン・ファント・シップ ⇐ モーリス・スタイン,,KNVBカップ,2回戦,,,ECL,ベスト16（⇐ELGS）,,2026-08-06
2024-25,eredivisie,ajax,2位,フランチェスコ・ファリオーリ,,KNVBカップ,ベスト16,,,EL,ベスト16,,2026-08-06
2025-26,eredivisie,ajax,5位,オスカル・ガルシア ⇐ フレッド・フリム ⇐ ヨン・ハイティンハ,,KNVBカップ,ベスト16,,,CL,リーグフェーズ敗退,,2026-08-06
2026-27,eredivisie,ajax,開幕,ミチェル,,,,,,,,,2026-08-06
2020-21,eredivisie,feyenoord,5位,ディック・アドフォカート,,KNVBカップ,ベスト8,,,EL,GS敗退,,2026-08-06
2021-22,eredivisie,feyenoord,3位,アルネ・スロット,,KNVBカップ,2回戦,,,ECL,🥈準優勝,,2026-08-06
2022-23,eredivisie,feyenoord,優勝,アルネ・スロット,,KNVBカップ,ベスト4,,,EL,ベスト8,,2026-08-06
2023-24,eredivisie,feyenoord,2位,アルネ・スロット,,KNVBカップ,🥇優勝,,,EL,KOフェーズPO敗退（⇐CLGS）,,2026-08-06
2024-25,eredivisie,feyenoord,3位,ロビン・ファン・ペルシー ⇐ パスカル・ボスハールト ⇐ ブライアン・プリスケ,,KNVBカップ,ベスト8,,,CL,ベスト16,,2026-08-06
2025-26,eredivisie,feyenoord,2位,ロビン・ファン・ペルシー,,KNVBカップ,2回戦,,,EL,リーグフェーズ敗退（⇐CL予選3回戦）,,2026-08-06
2026-27,eredivisie,feyenoord,開幕,ジョバンニ・ファン・ブロンクホルスト,,,,,,,,,2026-08-06
2015-16,premier-league,everton,11位,（暫定）デイヴィッド・アンスワース＆ジョー・ロイル ⇐ ロベルト・マルティネス,,FAカップ,ベスト4,EFLカップ,ベスト4,,,,2026-08-12
2016-17,premier-league,everton,7位,ロナルド・クーマン,,FAカップ,3回戦敗退,EFLカップ,3回戦敗退,,,,2026-08-12
2017-18,premier-league,everton,8位,サム・アラダイス ⇐（暫定）デイヴィッド・アンスワース ⇐ ロナルド・クーマン,,FAカップ,3回戦敗退,EFLカップ,4回戦敗退,EL,GS敗退,,2026-08-12
2018-19,premier-league,everton,8位,マルコ・シウバ,,FAカップ,4回戦敗退,EFLカップ,3回戦敗退,,,,2026-08-12
2019-20,premier-league,everton,12位,カルロ・アンチェロッティ ⇐（暫定）ダンカン・ファーガソン ⇐ マルコ・シウバ,,FAカップ,3回戦敗退,EFLカップ,ベスト8,,,,2026-08-12
2020-21,premier-league,everton,10位,カルロ・アンチェロッティ,,FAカップ,ベスト8,EFLカップ,ベスト8,,,,2026-08-12
2021-22,premier-league,everton,16位,フランク・ランパード ⇐（暫定）ダンカン・ファーガソン ⇐ ラファエル・ベニテス,,FAカップ,ベスト8,EFLカップ,3回戦敗退,,,,2026-08-12
2022-23,premier-league,everton,17位,ショーン・ダイチ ⇐ フランク・ランパード,,FAカップ,3回戦敗退,EFLカップ,3回戦敗退,,,,2026-08-12
2023-24,premier-league,everton,15位,ショーン・ダイチ,,FAカップ,4回戦敗退,EFLカップ,準々決勝敗退,,,,2026-08-12
2024-25,premier-league,everton,13位,デイヴィッド・モイーズ ⇐（暫定）レイトン・ベインズ＆シェイマス・コールマン ⇐ ショーン・ダイチ,,FAカップ,4回戦敗退,EFLカップ,3回戦敗退,,,,2026-08-12
2025-26,premier-league,everton,13位,デイヴィッド・モイーズ,,FAカップ,3回戦敗退,EFLカップ,3回戦敗退,,,,2026-08-12
2026-27,premier-league,everton,開幕,デイヴィッド・モイーズ,,,,,,,,,2026-08-12
2026-27,premier-league,coventry-city,開幕,フランク・ランパード,,,,,,,,,2026-08-17
2025-26,laliga,valencia,9位,カルロス・コルベラン,,コパ・デル・レイ,ベスト8,,,,,,2026-08-20
2026-27,laliga,valencia,開幕,カルロス・コルベラン,,,,,,,,,2026-08-20
2023-24,laliga,athletic-bilbao,5位,エルネスト・バルベルデ,,コパ・デル・レイ,🥇優勝,,,,,,2026-08-22
2024-25,laliga,athletic-bilbao,4位,エルネスト・バルベルデ,,コパ・デル・レイ,ベスト16,,,EL,ベスト4,,2026-08-22
2025-26,laliga,athletic-bilbao,12位,エルネスト・バルベルデ,,コパ・デル・レイ,ベスト4,,,CL,リーグフェーズ敗退,,2026-08-22
2026-27,laliga,athletic-bilbao,開幕,エディン・テルジッチ,,,,,,,,,2026-08-22
2022-23,laliga,sevilla,12位,ホセ・ルイス・メンディリバル ⇐ ホルヘ・サンパオリ ⇐ フレン・ロペテギ,,コパ・デル・レイ,ベスト8,,,EL,🥇優勝（⇐CLGS）,,2026-08-22
2023-24,laliga,sevilla,14位,キケ・サンチェス・フローレス ⇐ ディエゴ・アロンソ ⇐ ホセ・ルイス・メンディリバル,,コパ・デル・レイ,ベスト8,,,CL,GS敗退,,2026-08-22
2024-25,laliga,sevilla,17位,ホアキン・カパロス ⇐ ガルシア・ピミエンタ,,コパ・デル・レイ,ベスト32,,,,,,2026-08-22
2025-26,laliga,sevilla,13位,ルイス・ガルシア・プラサ ⇐ マティアス・アルメイダ,,コパ・デル・レイ,ベスト32,,,,,,2026-08-22
2026-27,laliga,sevilla,開幕,ルイス・ガルシア・プラサ,,,,,,,,,2026-08-22
2025-26,laliga,celta-vigo,6位,クラウディオ・ヒラルデス,,コパ・デル・レイ,ベスト32,,,EL,ベスト8,,2026-08-22
2026-27,laliga,celta-vigo,開幕,クラウディオ・ヒラルデス,,,,,,,,,2026-08-22
2020-21,laliga,villarreal,7位,ウナイ・エメリ,,コパ・デル・レイ,ベスト8,,,EL,🥇優勝,,2026-08-22
2021-22,laliga,villarreal,7位,ウナイ・エメリ,,コパ・デル・レイ,ベスト32,,,CL,ベスト4,,2026-08-22
2022-23,laliga,villarreal,5位,キケ・セティエン ⇐ ウナイ・エメリ,,コパ・デル・レイ,ベスト16,,,ECL,ベスト16,,2026-08-22
2023-24,laliga,villarreal,8位,マルセリーノ・ガルシア・トラル ⇐ ミゲル・アンヘル・テナ ⇐ パチェタ ⇐ キケ・セティエン,,コパ・デル・レイ,3回戦敗退,,,EL,ベスト16,,2026-08-22
2024-25,laliga,villarreal,5位,マルセリーノ・ガルシア・トラル,,コパ・デル・レイ,2回戦敗退,,,,,,2026-08-22
2025-26,laliga,villarreal,3位,マルセリーノ・ガルシア・トラル,,コパ・デル・レイ,ベスト32,,,CL,リーグフェーズ敗退,,2026-08-22
2026-27,laliga,villarreal,開幕,イニゴ・ペレス,,,,,,,,,2026-08-22
2025-26,laliga,getafe,7位,ホセ・ボルダラス,,コパ・デル・レイ,ベスト32,,,,,,2026-08-22
2026-27,laliga,getafe,開幕,ホセ・ボルダラス,,,,,,,,,2026-08-22
2025-26,laliga,rayo-vallecano,8位,イニゴ・ペレス,,コパ・デル・レイ,ベスト16,,,ECL,🥈準優勝,,2026-08-22
2026-27,laliga,rayo-vallecano,開幕,ベニャト・サン・ホセ,,,,,,,,,2026-08-22
2020-21,laliga,real-betis,6位,マヌエル・ペレグリーニ,,コパ・デル・レイ,ベスト8,,,,,,2026-08-22
2021-22,laliga,real-betis,5位,マヌエル・ペレグリーニ,,コパ・デル・レイ,🥇優勝,,,EL,ベスト16,,2026-08-22
2022-23,laliga,real-betis,6位,マヌエル・ペレグリーニ,,コパ・デル・レイ,ベスト16,,,EL,ベスト16,,2026-08-22
2023-24,laliga,real-betis,7位,マヌエル・ペレグリーニ,,コパ・デル・レイ,ベスト32,,,ECL,KOフェーズPO敗退（⇐ELGS）,,2026-08-22
2024-25,laliga,real-betis,6位,マヌエル・ペレグリーニ,,コパ・デル・レイ,ベスト16,,,ECL,🥈準優勝,,2026-08-22
2025-26,laliga,real-betis,5位,マヌエル・ペレグリーニ,,コパ・デル・レイ,ベスト8,,,EL,ベスト8,,2026-08-22
2026-27,laliga,real-betis,開幕,マヌエル・ペレグリーニ,,,,,,,,,2026-08-22
2015-16,serie-a,roma,3位,ルチアーノ・スパレッティ ⇐ リュディ・ガルシア,,コッパ・イタリア,ベスト16,,,CL,ベスト16,,2026-08-22
2016-17,serie-a,roma,2位,ルチアーノ・スパレッティ,,コッパ・イタリア,ベスト4,,,EL,ベスト16（⇐CLPO）,,2026-08-22
2017-18,serie-a,roma,3位,エウゼビオ・ディ・フランチェスコ,,コッパ・イタリア,ベスト16,,,CL,ベスト4,,2026-08-22
2018-19,serie-a,roma,6位,クラウディオ・ラニエリ ⇐ エウゼビオ・ディ・フランチェスコ,,コッパ・イタリア,ベスト8,,,CL,ベスト16,,2026-08-22
2019-20,serie-a,roma,5位,パウロ・フォンセカ,,コッパ・イタリア,ベスト8,,,EL,ベスト16,,2026-08-22
2020-21,serie-a,roma,7位,パウロ・フォンセカ,,コッパ・イタリア,ベスト16,,,EL,ベスト4,,2026-08-22
2021-22,serie-a,roma,6位,ジョゼ・モウリーニョ,,コッパ・イタリア,ベスト8,,,ECL,🥇優勝,,2026-08-22
2022-23,serie-a,roma,6位,ジョゼ・モウリーニョ,,コッパ・イタリア,ベスト8,,,EL,🥈準優勝,,2026-08-22
2023-24,serie-a,roma,6位,ダニエレ・デ・ロッシ ⇐ ジョゼ・モウリーニョ,,コッパ・イタリア,ベスト8,,,EL,ベスト4,,2026-08-22
2024-25,serie-a,roma,5位,クラウディオ・ラニエリ ⇐ イバン・ユリッチ ⇐ ダニエレ・デ・ロッシ,,コッパ・イタリア,ベスト8,,,EL,ベスト16,,2026-08-22
2025-26,serie-a,roma,3位,ジャン・ピエロ・ガスペリーニ,,コッパ・イタリア,ベスト16,,,EL,ベスト16,,2026-08-22
2026-27,serie-a,roma,開幕,ジャン・ピエロ・ガスペリーニ,,,,,,,,,2026-08-22
2015-16,serie-a,napoli,2位,マウリツィオ・サッリ,,コッパ・イタリア,ベスト8,,,EL,ベスト32,,2026-08-22
2016-17,serie-a,napoli,3位,マウリツィオ・サッリ,,コッパ・イタリア,ベスト4,,,CL,ベスト16,,2026-08-22
2017-18,serie-a,napoli,2位,マウリツィオ・サッリ,,コッパ・イタリア,ベスト8,,,EL,ベスト32（⇐CLGS）,,2026-08-22
2018-19,serie-a,napoli,2位,カルロ・アンチェロッティ,,コッパ・イタリア,ベスト8,,,EL,ベスト8（⇐CLGS）,,2026-08-22
2019-20,serie-a,napoli,7位,ジェンナーロ・ガットゥーゾ ⇐ カルロ・アンチェロッティ,,コッパ・イタリア,🥇優勝,,,CL,ベスト16,,2026-08-22
2020-21,serie-a,napoli,5位,ジェンナーロ・ガットゥーゾ,,コッパ・イタリア,ベスト4,,,EL,ベスト32,,2026-08-22
2021-22,serie-a,napoli,3位,ルチアーノ・スパレッティ,,コッパ・イタリア,ベスト16,,,EL,KOフェーズPO敗退,,2026-08-22
2022-23,serie-a,napoli,優勝,ルチアーノ・スパレッティ,,コッパ・イタリア,ベスト16,,,CL,ベスト8,,2026-08-22
2023-24,serie-a,napoli,10位,フランチェスコ・カルツォーナ ⇐ ワルテル・マッツァーリ ⇐ リュディ・ガルシア,,コッパ・イタリア,ベスト16,,,CL,ベスト16,,2026-08-22
2024-25,serie-a,napoli,優勝,アントニオ・コンテ,,コッパ・イタリア,ベスト16,,,,,,2026-08-22
2025-26,serie-a,napoli,2位,アントニオ・コンテ,,コッパ・イタリア,ベスト8,,,CL,リーグフェーズ敗退,,2026-08-22
2026-27,serie-a,napoli,開幕,マッシミリアーノ・アッレグリ,,,,,,,,,2026-08-22
2015-16,serie-a,atalanta,13位,エドアルド・レヤ,,コッパ・イタリア,４回戦,,,,,,2026-08-22
2016-17,serie-a,atalanta,4位,ジャン・ピエロ・ガスペリーニ,,コッパ・イタリア,ベスト16,,,,,,2026-08-22
2017-18,serie-a,atalanta,7位,ジャン・ピエロ・ガスペリーニ,,コッパ・イタリア,ベスト4,,,EL,ベスト32,,2026-08-22
2018-19,serie-a,atalanta,3位,ジャン・ピエロ・ガスペリーニ,,コッパ・イタリア,🥈準優勝,,,EL,PO敗退,,2026-08-22
2019-20,serie-a,atalanta,3位,ジャン・ピエロ・ガスペリーニ,,コッパ・イタリア,ベスト16,,,CL,ベスト8,,2026-08-22
2020-21,serie-a,atalanta,3位,ジャン・ピエロ・ガスペリーニ,,コッパ・イタリア,🥈準優勝,,,CL,ベスト16,,2026-08-22
2021-22,serie-a,atalanta,8位,ジャン・ピエロ・ガスペリーニ,,コッパ・イタリア,ベスト8,,,EL,ベスト8（⇐CLGS）,,2026-08-22
2022-23,serie-a,atalanta,5位,ジャン・ピエロ・ガスペリーニ,,コッパ・イタリア,ベスト8,,,,,,2026-08-22
2023-24,serie-a,atalanta,4位,ジャン・ピエロ・ガスペリーニ,,コッパ・イタリア,🥈準優勝,,,EL,🥇優勝,,2026-08-22
2024-25,serie-a,atalanta,3位,ジャン・ピエロ・ガスペリーニ,,コッパ・イタリア,ベスト8,,,CL,KOフェーズPO敗退,,2026-08-22
2025-26,serie-a,atalanta,7位,ラファエレ・パッラディーノ ⇐ イバン・ユリッチ,,コッパ・イタリア,ベスト4,,,CL,ベスト16,,2026-08-22
2026-27,serie-a,atalanta,開幕,マウリツィオ・サッリ,,,,,,,,,2026-08-22
2025-26,serie-a,como,4位,セスク・ファブレガス,,コッパ・イタリア,ベスト4,,,,,,2026-08-22
2026-27,serie-a,como,開幕,セスク・ファブレガス,,,,,,,,,2026-08-22
2023-24,serie-a,parma,セリエB優勝,ファビオ・ペッキア,,コッパ・イタリア,ベスト16,,,,,,2026-08-22
2024-25,serie-a,parma,16位,クリスティアン・キブ ⇐ ファビオ・ペッキア,,コッパ・イタリア,1回戦敗退,,,,,,2026-08-22
2025-26,serie-a,parma,13位,カルロス・クエスタ,,コッパ・イタリア,ベスト16,,,,,,2026-08-22
2026-27,serie-a,parma,開幕,カルロス・クエスタ,,,,,,,,,2026-08-22
2020-21,serie-a,fiorentina,13位,ジュゼッペ・イアキーニ ⇐ チェーザレ・プランデッリ ⇐ ジュゼッペ・イアキーニ,,コッパ・イタリア,ベスト16,,,,,,2026-08-22
2021-22,serie-a,fiorentina,7位,ヴィンチェンツォ・イタリアーノ,,コッパ・イタリア,ベスト4,,,,,,2026-08-22
2022-23,serie-a,fiorentina,8位,ヴィンチェンツォ・イタリアーノ,,コッパ・イタリア,🥈準優勝,,,ECL,🥈準優勝,,2026-08-22
2023-24,serie-a,fiorentina,8位,ヴィンチェンツォ・イタリアーノ,,コッパ・イタリア,ベスト4,,,ECL,🥈準優勝,,2026-08-22
2024-25,serie-a,fiorentina,6位,ラファエレ・パッラディーノ,,コッパ・イタリア,ベスト16,,,ECL,ベスト4,,2026-08-22
2025-26,serie-a,fiorentina,15位,パオロ・バノーリ ⇐ ダニエレ・ガロッパ ⇐ ステファノ・ピオリ,,コッパ・イタリア,ベスト16,,,ECL,ベスト8,,2026-08-22
2026-27,serie-a,fiorentina,開幕,ファビオ・グロッソ,,,,,,,,,2026-08-22
2020-21,serie-a,bologna,12位,シニシャ・ミハイロビッチ,,コッパ・イタリア,4回戦,,,,,,2026-08-22
2021-22,serie-a,bologna,13位,シニシャ・ミハイロビッチ,,コッパ・イタリア,3回戦,,,,,,2026-08-22
2022-23,serie-a,bologna,9位,チアゴ・モッタ ⇐ シニシャ・ミハイロビッチ,,コッパ・イタリア,ベスト16,,,,,,2026-08-22
2023-24,serie-a,bologna,5位,チアゴ・モッタ,,コッパ・イタリア,ベスト8,,,,,,2026-08-22
2024-25,serie-a,bologna,9位,ヴィンチェンツォ・イタリアーノ,,コッパ・イタリア,🥇優勝,,,CL,リーグフェーズ敗退,,2026-08-22
2025-26,serie-a,bologna,8位,ヴィンチェンツォ・イタリアーノ,,コッパ・イタリア,ベスト8,,,EL,ベスト8,,2026-08-22
2026-27,serie-a,bologna,開幕,ドメニコ・テデスコ,,,,,,,,,2026-08-22
2015-16,serie-a,lazio,8位,シモーネ・インザーギ ⇐ ステファノ・ピオリ,,コッパ・イタリア,ベスト8,,,EL,ベスト16（⇐CLPO）,,2026-08-22
2016-17,serie-a,lazio,5位,シモーネ・インザーギ,,コッパ・イタリア,🥈準優勝,,,,,,2026-08-22
2017-18,serie-a,lazio,5位,シモーネ・インザーギ,,コッパ・イタリア,ベスト4,,,EL,ベスト8,,2026-08-22
2018-19,serie-a,lazio,8位,シモーネ・インザーギ,,コッパ・イタリア,🥇優勝,,,EL,ベスト32,,2026-08-22
2019-20,serie-a,lazio,4位,シモーネ・インザーギ,,コッパ・イタリア,ベスト8,,,EL,GS敗退,,2026-08-22
2020-21,serie-a,lazio,6位,シモーネ・インザーギ,,コッパ・イタリア,ベスト8,,,CL,ベスト16,,2026-08-22
2021-22,serie-a,lazio,5位,マウリツィオ・サッリ,,コッパ・イタリア,ベスト8,,,EL,KOフェーズPO敗退,,2026-08-22
2022-23,serie-a,lazio,2位,マウリツィオ・サッリ,,コッパ・イタリア,ベスト8,,,ECL,ベスト16（⇐ELGS）,,2026-08-22
2023-24,serie-a,lazio,7位,イゴール・トゥドール ⇐ マウリツィオ・サッリ,,コッパ・イタリア,ベスト4,,,CL,ベスト16,,2026-08-22
2024-25,serie-a,lazio,7位,マルコ・バローニ,,コッパ・イタリア,ベスト8,,,EL,ベスト8,,2026-08-22
2025-26,serie-a,lazio,9位,マウリツィオ・サッリ,,コッパ・イタリア,🥈準優勝,,,,,,2026-08-22
2026-27,serie-a,lazio,開幕,ジェンナーロ・ガットゥーゾ,,,,,,,,,2026-08-22
2020-21,ligue-1,monaco,3位,ニコ・コバチ,,クープ・ドゥ・フランス,🥈準優勝,,,,,,2026-08-22
2021-22,ligue-1,monaco,3位,フィリップ・クレマン ⇐ ニコ・コバチ,,クープ・ドゥ・フランス,ベスト4,,,EL,ベスト16（⇐CLPO）,,2026-08-22
2022-23,ligue-1,monaco,6位,フィリップ・クレマン,,クープ・ドゥ・フランス,ベスト32,,,EL,KOフェーズPO敗退（⇐CL予選）,,2026-08-22
2023-24,ligue-1,monaco,2位,アディ・ヒュッター,,クープ・ドゥ・フランス,ベスト16,,,,,,2026-08-22
2024-25,ligue-1,monaco,3位,アディ・ヒュッター,,クープ・ドゥ・フランス,ベスト32,,,CL,KOフェーズPO敗退,,2026-08-22
2025-26,ligue-1,monaco,7位,セバスティアン・ポコニョーリ ⇐ アディ・ヒュッター,,クープ・ドゥ・フランス,ベスト16,,,CL,KOフェーズPO敗退,,2026-08-22
2026-27,ligue-1,monaco,開幕,フィリペ・ルイス,,,,,,,,,2026-08-22
2020-21,ligue-1,lille,優勝,クリストフ・ガルティエ,,クープ・ドゥ・フランス,ベスト16,,,EL,ベスト32,,2026-08-22
2021-22,ligue-1,lille,10位,ジョスラン・グルヴェネック,,クープ・ドゥ・フランス,ベスト32,,,CL,ベスト16,,2026-08-22
2022-23,ligue-1,lille,5位,パウロ・フォンセカ,,クープ・ドゥ・フランス,ベスト16,,,,,,2026-08-22
2023-24,ligue-1,lille,4位,パウロ・フォンセカ,,クープ・ドゥ・フランス,ベスト16,,,ECL,ベスト8,,2026-08-22
2024-25,ligue-1,lille,5位,ブルーノ・ジェネジオ,,クープ・ドゥ・フランス,ベスト16,,,CL,ベスト16,,2026-08-22
2025-26,ligue-1,lille,3位,ブルーノ・ジェネジオ,,クープ・ドゥ・フランス,ベスト32,,,EL,ベスト16,,2026-08-22
2026-27,ligue-1,lille,開幕,ダヴィデ・アンチェロッティ,,,,,,,,,2026-08-22
2022-23,ligue-1,rc-lens,2位,フランク・エズ,,クープ・ドゥ・フランス,ベスト8,,,,,,2026-08-22
2023-24,ligue-1,rc-lens,7位,フランク・エズ,,クープ・ドゥ・フランス,ベスト64,,,EL,KOフェーズPO敗退（⇐CLGS）,,2026-08-22
2024-25,ligue-1,rc-lens,8位,ウィル・スティル,,クープ・ドゥ・フランス,ベスト64,,,ECL,PO敗退,,2026-08-22
2025-26,ligue-1,rc-lens,2位,ピエール・サージュ,,クープ・ドゥ・フランス,🥇優勝,,,,,,2026-08-22
2026-27,ligue-1,rc-lens,開幕,ディノ・トップメラー,,,,,,,,,2026-08-22
2016-17,ligue-1,marseille,5位,リュディ・ガルシア ⇐ フランク・パッシ,,クープ・ドゥ・フランス,ベスト16,,,,,,2026-08-22
2017-18,ligue-1,marseille,4位,リュディ・ガルシア,,クープ・ドゥ・フランス,ベスト8,,,EL,🥈準優勝,,2026-08-22
2018-19,ligue-1,marseille,5位,リュディ・ガルシア,,クープ・ドゥ・フランス,ベスト64,,,EL,GS敗退,,2026-08-22
2019-20,ligue-1,marseille,2位,アンドレ・ビラス＝ボアス,,クープ・ドゥ・フランス,ベスト8,,,,,,2026-08-22
2020-21,ligue-1,marseille,5位,ホルヘ・サンパオリ ⇐ ナセル・ラルゲ ⇐ アンドレ・ビラス＝ボアス,,クープ・ドゥ・フランス,ベスト32,,,CL,GS敗退,,2026-08-22
2021-22,ligue-1,marseille,2位,ホルヘ・サンパオリ,,クープ・ドゥ・フランス,ベスト8,,,ECL,ベスト4（⇐ELGS）,,2026-08-22
2022-23,ligue-1,marseille,3位,イゴール・トゥドール,,クープ・ドゥ・フランス,ベスト8,,,CL,GS敗退,,2026-08-22
2023-24,ligue-1,marseille,8位,ジャン＝ルイ・ガセ ⇐ ジェンナーロ・ガットゥーゾ ⇐ マルセリーノ,,クープ・ドゥ・フランス,ベスト32,,,EL,ベスト4,,2026-08-22
2024-25,ligue-1,marseille,2位,ロベルト・デ・ゼルビ,,クープ・ドゥ・フランス,ベスト32,,,,,,2026-08-22
2025-26,ligue-1,marseille,5位,アビブ・ベイェ ⇐ ジャック・アバルドナド ⇐ ロベルト・デ・ゼルビ,,クープ・ドゥ・フランス,ベスト8,,,CL,リーグフェーズ敗退,,2026-08-22
2026-27,ligue-1,marseille,開幕,ブルーノ・ジェネジオ,,,,,,,,,2026-08-22
2025-26,ligue-1,lyon,4位,パウロ・フォンセカ,,クープ・ドゥ・フランス,ベスト8,,,EL,ベスト16,,2026-08-22
2026-27,ligue-1,lyon,開幕,パウロ・フォンセカ,,,,,,,,,2026-08-22
2025-26,ligue-1,rennes,6位,フランク・エズ ⇐ セバスティアン・タンブレ ⇐ アビブ・ベイェ,,クープ・ドゥ・フランス,ベスト16,,,,,,2026-08-22
2026-27,ligue-1,rennes,開幕,フランク・エズ,,,,,,,,,2026-08-22
2025-26,ligue-1,le-havre,14位,ディディエ・ディガール,,クープ・ドゥ・フランス,ベスト64,,,,,,2026-08-22
2026-27,ligue-1,le-havre,開幕,ディディエ・ディガール,,,,,,,,,2026-08-22
